"legacy_index","legacy_menu_file","legacy_item_id","legacy_title_ref","legacy_title_zh","soup_seq","soup_file","soup_label","mapping_status","candidate_count","candidate_seqs","notes"
"1","about.xml","@+id/menu_share_it","@string/share","分享","544","lib/features/source/views/source_qr_share_view.dart","分享","mapped_exact","1","544",""
"2","about.xml","@+id/menu_scoring","@string/scoring","评分","1","lib/features/bookshelf/views/bookshelf_view.dart","TODO:评分","mapped_placeholder","0","1","placeholder_by_menu_context:图墙模式"
"3","app_log.xml","@+id/menu_clear","@string/clear","清除","25","lib/features/bookshelf/views/reading_history_view.dart","清除阅读记录","mapped_fuzzy_context","2","25|409","resolved_fuzzy_by_menu_context"
"4","app_update.xml","@+id/menu_download","@string/action_download","下载","248","lib/features/settings/views/other_settings_view.dart","下载与缓存","mapped_fuzzy_context","2","248|325","resolved_fuzzy_by_menu_context"
"5","audio_play.xml","@+id/menu_change_source","@string/change_origin","换源","186","lib/features/search/views/search_book_info_view.dart","换源","mapped_exact","1","186",""
"6","audio_play.xml","@+id/menu_login","@string/login","登录","523","lib/features/source/views/source_list_view.dart","登录","mapped_exact_context","5","523|170|372|39|57","resolved_exact_by_menu_context"
"7","audio_play.xml","@+id/menu_copy_audio_url","@string/copy_play_url","拷贝播放 URL","201","lib/features/settings/views/about_settings_view.dart","TODO:拷贝播放 URL","mapped_placeholder","0","201","placeholder_by_menu_context:应用名称"
"8","audio_play.xml","@+id/menu_edit_source","@string/edit_book_source","编辑书源","36","lib/features/discovery/views/discovery_view.dart","编辑书源","mapped_exact_context","2","36|59","resolved_exact_by_menu_context"
"9","audio_play.xml","@+id/menu_wake_lock","@string/audio_play_wake_lock","音频服务唤醒锁","201","lib/features/settings/views/about_settings_view.dart","TODO:音频服务唤醒锁","mapped_placeholder","2","201","placeholder_by_menu_context:应用名称"
"10","audio_play.xml","@+id/menu_log","@string/log","日志","180","lib/features/search/views/search_book_info_view.dart","日志","mapped_exact_context","2","180|15","resolved_exact_by_menu_context"
"11","backup_restore.xml","@+id/menu_help","@string/help","帮助","360","lib/features/source/views/source_debug_legacy_view.dart","帮助","mapped_exact_context","3","360|382|497","resolved_exact_by_menu_context"
"12","backup_restore.xml","@+id/menu_log","@string/log","日志","15","lib/features/bookshelf/views/bookshelf_view.dart","日志","mapped_exact_context","2","15|180","resolved_exact_by_menu_context"
"13","book_cache.xml","@+id/menu_download","@string/action_download","下载","248","lib/features/settings/views/other_settings_view.dart","下载与缓存","mapped_fuzzy_context","2","248|325","resolved_fuzzy_by_menu_context"
"14","book_cache.xml","@+id/menu_book_group","@string/group","分组","11","lib/features/bookshelf/views/bookshelf_view.dart","分组管理","mapped_fuzzy_context","7","11|512|481|482|142|143|163","resolved_fuzzy_by_menu_context"
"15","book_cache.xml","@+id/menu_export_all","@string/export_all","导出所有","10","lib/features/bookshelf/views/bookshelf_view.dart","缓存导出","mapped_fuzzy_context","7","10|13|346|208|209|487|126","resolved_fuzzy_by_menu_context"
"16","book_cache.xml","@+id/menu_enable_replace","@string/replace_purify","替换净化","300","lib/features/settings/views/settings_view.dart","替换净化","mapped_exact_context","2","300|322","resolved_exact_by_menu_context"
"17","book_cache.xml","@+id/menu_enable_custom_export","@string/custom_export_section","自定义Epub导出章节","10","lib/features/bookshelf/views/bookshelf_view.dart","缓存导出","mapped_fuzzy_context","7","10|346|343|209|208|258|126","resolved_fuzzy_by_menu_context"
"18","book_cache.xml","@+id/menu_export_web_dav","@string/export_to_web_dav","导出到 WebDav","10","lib/features/bookshelf/views/bookshelf_view.dart","缓存导出","mapped_fuzzy_context","7","10|13|346|208|209|126|487","resolved_fuzzy_by_menu_context"
"19","book_cache.xml","@+id/menu_export_no_chapter_name","@string/export_no_chapter_name","TXT 不导出章节名","10","lib/features/bookshelf/views/bookshelf_view.dart","缓存导出","mapped_fuzzy_context","7","10|346|208|258|286|326|126","resolved_fuzzy_by_menu_context"
"20","book_cache.xml","@+id/menu_export_pics_file","@string/export_pics_file","TXT 导出图片","10","lib/features/bookshelf/views/bookshelf_view.dart","缓存导出","mapped_fuzzy_context","7","10|13|346|208|126|487|67","resolved_fuzzy_by_menu_context"
"21","book_cache.xml","@+id/menu_parallel_export","@string/parallel_export_book","多线程导出","10","lib/features/bookshelf/views/bookshelf_view.dart","缓存导出","mapped_fuzzy_context","7","10|7|13|346|209|126|434","resolved_fuzzy_by_menu_context"
"22","book_cache.xml","@+id/menu_export_folder","@string/export_folder","导出文件夹","10","lib/features/bookshelf/views/bookshelf_view.dart","缓存导出","mapped_fuzzy_context","7","10|346|210|211|493|126|124","resolved_fuzzy_by_menu_context"
"23","book_cache.xml","@+id/menu_export_file_name","@string/export_file_name","导出文件名","10","lib/features/bookshelf/views/bookshelf_view.dart","缓存导出","mapped_fuzzy_context","7","10|346|210|211|493|126|124","resolved_fuzzy_by_menu_context"
"24","book_cache.xml","@+id/menu_export_type","@string/export_type","导出格式","10","lib/features/bookshelf/views/bookshelf_view.dart","缓存导出","mapped_fuzzy_context","7","10|13|346|208|126|487|412","resolved_fuzzy_by_menu_context"
"25","book_cache.xml","@+id/menu_export_charset","@string/export_charset","导出编码","10","lib/features/bookshelf/views/bookshelf_view.dart","缓存导出","mapped_fuzzy_context","7","10|13|346|126|379|487|495","resolved_fuzzy_by_menu_context"
"26","book_cache.xml","@+id/menu_log","@string/log","日志","15","lib/features/bookshelf/views/bookshelf_view.dart","日志","mapped_exact_context","2","15|180","resolved_exact_by_menu_context"
"27","book_cache_download.xml","@+id/menu_download_after","@string/menu_download_after","下载之后章节","1","lib/features/bookshelf/views/bookshelf_view.dart","TODO:下载之后章节","mapped_placeholder","7","1","placeholder_by_menu_context:图墙模式"
"28","book_cache_download.xml","@+id/menu_download_all","@string/menu_download_all","下载全部章节","138","lib/features/rss/views/rss_source_manage_view.dart","全部","mapped_fuzzy_context","7","138|157|258|286|326|329|248","resolved_fuzzy_by_menu_context"
"29","book_group_manage.xml","@+id/menu_add","@string/add_group","添加分组","11","lib/features/bookshelf/views/bookshelf_view.dart","分组管理","mapped_fuzzy_context","7","11|481|482|508|143|163|142","resolved_fuzzy_by_menu_context"
"30","book_info.xml","@+id/menu_edit","@string/edit","编辑","519","lib/features/source/views/source_list_view.dart","编辑","mapped_exact_context","3","519|146|161","resolved_exact_by_menu_context"
"31","book_info.xml","@+id/menu_share_it","@string/share","分享","544","lib/features/source/views/source_qr_share_view.dart","分享","mapped_exact","1","544",""
"32","book_info.xml","@+id/menu_upload","@string/upload_to_remote","上传 WebDav","168","lib/features/search/views/search_book_info_view.dart","上传到远程","mapped_fuzzy_context","1","168","resolved_fuzzy_by_menu_context"
"33","book_info.xml","@+id/menu_refresh","@string/refresh","刷新","169","lib/features/search/views/search_book_info_view.dart","刷新","mapped_exact","1","169",""
"34","book_info.xml","@+id/menu_login","@string/login","登录","170","lib/features/search/views/search_book_info_view.dart","登录","mapped_exact_context","5","170|39|57|523|372","resolved_exact_by_menu_context"
"35","book_info.xml","@+id/menu_top","@string/to_top","置顶","171","lib/features/search/views/search_book_info_view.dart","置顶","mapped_exact_context","6","171|37|485|521|147|160","resolved_exact_by_menu_context"
"36","book_info.xml","@+id/menu_set_source_variable","@string/set_source_variable","设置源变量","172","lib/features/search/views/search_book_info_view.dart","设置源变量","mapped_exact_context","2","172|378","resolved_exact_by_menu_context"
"37","book_info.xml","@+id/menu_set_book_variable","@string/set_book_variable","设置书籍变量","173","lib/features/search/views/search_book_info_view.dart","设置书籍变量","mapped_exact","1","173",""
"38","book_info.xml","@+id/menu_copy_book_url","@string/copy_book_url","拷贝书籍 URL","168","lib/features/search/views/search_book_info_view.dart","TODO:拷贝书籍 URL","mapped_placeholder","7","168","placeholder_by_menu_context:上传到远程"
"39","book_info.xml","@+id/menu_copy_toc_url","@string/copy_toc_url","拷贝目录 URL","168","lib/features/search/views/search_book_info_view.dart","TODO:拷贝目录 URL","mapped_placeholder","7","168","placeholder_by_menu_context:上传到远程"
"40","book_info.xml","@+id/menu_can_update","@string/allow_update","允许更新","176","lib/features/search/views/search_book_info_view.dart","expr:_allowUpdate ? '允许更新：开' : '允许更新：关'","mapped_fuzzy_context","4","176|503|537|203","resolved_fuzzy_by_menu_context"
"41","book_info.xml","@+id/menu_split_long_chapter","@string/split_long_chapter","拆分超长章节","168","lib/features/search/views/search_book_info_view.dart","TODO:拆分超长章节","mapped_placeholder","7","168","placeholder_by_menu_context:上传到远程"
"42","book_info.xml","@+id/menu_delete_alert","@string/delete_alert","删除提醒","178","lib/features/search/views/search_book_info_view.dart","expr:_deleteAlertEnabled ? '删除提醒：开' : '删除提醒：关'","mapped_fuzzy_context","7","178|477|520|526|41|150|164","resolved_fuzzy_by_menu_context"
"43","book_info.xml","@+id/menu_clear_cache","@string/clear_cache","清理缓存","179","lib/features/search/views/search_book_info_view.dart","清理缓存","mapped_exact","1","179",""
"44","book_info.xml","@+id/menu_log","@string/log","日志","180","lib/features/search/views/search_book_info_view.dart","日志","mapped_exact_context","2","180|15","resolved_exact_by_menu_context"
"45","book_info_edit.xml","@+id/menu_save","@string/action_save","保存","167","lib/features/search/views/search_book_info_edit_view.dart","保存","mapped_exact_context","5","167|365|394|541|110","resolved_exact_by_menu_context"
"46","book_manga.xml","@+id/menu_change_source","@string/change_origin","换源","186","lib/features/search/views/search_book_info_view.dart","换源","mapped_exact","1","186",""
"47","book_manga.xml","@+id/menu_refresh","@string/refresh","刷新","169","lib/features/search/views/search_book_info_view.dart","刷新","mapped_exact","1","169",""
"48","book_manga.xml","@+id/menu_catalog","@string/chapter_list","目录","215","lib/features/settings/views/backup_settings_view.dart","同步目录","mapped_fuzzy_context","7","215|301|175|323|357|447|424","resolved_fuzzy_by_menu_context"
"49","book_manga.xml","@+id/menu_pre_manga_number","@string/pre_download","预下载","325","lib/features/settings/views/storage_settings_view.dart","仅 Wi‑Fi 下载","mapped_fuzzy_context","2","325|248","resolved_fuzzy_by_menu_context"
"50","book_manga.xml","@+id/menu_disable_manga_scale","@string/disable_manga_scale","禁用漫画缩放","47","lib/features/reader/views/simple_reader_view.dart","TODO:禁用漫画缩放","mapped_placeholder","7","47","placeholder_by_menu_context:expr:_readerActionLabel(action"
"51","book_manga.xml","@+id/menu_disable_click_scroll","@string/disable_manga_click_scroll","禁用点击翻页","47","lib/features/reader/views/simple_reader_view.dart","TODO:禁用点击翻页","mapped_placeholder","7","47","placeholder_by_menu_context:expr:_readerActionLabel(action"
"52","book_manga.xml","@+id/menu_enable_auto_page","@string/enable_auto_page_scroll","开启自动翻页","264","lib/features/settings/views/reading_page_settings_view.dart","滚动翻页无动画","mapped_fuzzy_context","7","264|279|256|263|266|267|265","resolved_fuzzy_by_menu_context"
"53","book_manga.xml","@+id/menu_enable_auto_scroll","@string/enable_auto_scroll","开启滚动","47","lib/features/reader/views/simple_reader_view.dart","TODO:开启滚动","mapped_placeholder","4","47","placeholder_by_menu_context:expr:_readerActionLabel(action"
"54","book_manga.xml","@+id/menu_manga_auto_page_speed","@string/manga_auto_page_speed","翻页速度 %s","279","lib/features/settings/views/reading_preferences_view.dart","翻页模式","mapped_fuzzy_context","7","279|265|263|266|267|264|256","resolved_fuzzy_by_menu_context"
"55","book_manga.xml","@+id/menu_enable_horizontal_scroll","@string/enable_manga_horizontal_scroll","水平滚动","47","lib/features/reader/views/simple_reader_view.dart","TODO:水平滚动","mapped_placeholder","1","47","placeholder_by_menu_context:expr:_readerActionLabel(action"
"56","book_manga.xml","@+id/menu_disable_horizontal_page_snap","@string/disable_horizontal_page_snap","禁用水平翻页效果","47","lib/features/reader/views/simple_reader_view.dart","TODO:禁用水平翻页效果","mapped_placeholder","7","47","placeholder_by_menu_context:expr:_readerActionLabel(action"
"57","book_manga.xml","@+id/menu_disable_manga_page_anim","@string/disable_manga_page_anim","禁用翻页动画","264","lib/features/settings/views/reading_page_settings_view.dart","滚动翻页无动画","mapped_fuzzy_context","7","264|263|266|267|140|162|510","resolved_fuzzy_by_menu_context"
"58","book_manga.xml","@+id/menu_manga_footer_config","@string/manga_footer_config","页脚配置","294","lib/features/settings/views/reading_tip_settings_view.dart","页脚分割线","mapped_fuzzy_context","2","294|240","resolved_fuzzy_by_menu_context"
"59","book_manga.xml","@+id/menu_manga_color_filter","@string/manga_color_filter","滤镜","47","lib/features/reader/views/simple_reader_view.dart","TODO:滤镜","mapped_placeholder","0","47","placeholder_by_menu_context:expr:_readerActionLabel(action"
"60","book_manga.xml","@+id/menu_hide_manga_title","@string/hide_manga_title","隐藏漫画列表标题","47","lib/features/reader/views/simple_reader_view.dart","TODO:隐藏漫画列表标题","mapped_placeholder","7","47","placeholder_by_menu_context:expr:_readerActionLabel(action"
"61","book_manga.xml","@+id/menu_epaper_manga","@string/manga_epaper","墨水屏","47","lib/features/reader/views/simple_reader_view.dart","TODO:墨水屏","mapped_placeholder","0","47","placeholder_by_menu_context:expr:_readerActionLabel(action"
"62","book_manga.xml","@+id/menu_epaper_manga_setting","@string/manga_epaper_stting","墨水屏设置","223","lib/features/settings/views/function_settings_view.dart","阅读设置","mapped_fuzzy_context","7","223|226|228|313|172|104|378","resolved_fuzzy_by_menu_context"
"63","book_manga.xml","@+id/menu_gray_manga","@string/enable_manga_gray","开启图片灰色","47","lib/features/reader/views/simple_reader_view.dart","TODO:开启图片灰色","mapped_placeholder","2","47","placeholder_by_menu_context:expr:_readerActionLabel(action"
"64","book_read.xml","@+id/menu_change_source","@string/change_origin","换源","186","lib/features/search/views/search_book_info_view.dart","换源","mapped_exact","1","186",""
"65","book_read.xml","@+id/menu_refresh","@string/refresh","刷新","169","lib/features/search/views/search_book_info_view.dart","刷新","mapped_exact","1","169",""
"66","book_read.xml","@+id/menu_download","@string/offline_cache","离线缓存","248","lib/features/settings/views/other_settings_view.dart","下载与缓存","mapped_fuzzy_context","2","248|325","resolved_fuzzy_by_menu_context"
"67","book_read.xml","@+id/menu_toc_regex","@string/txt_toc_rule","TXT 目录规则","301","lib/features/settings/views/settings_view.dart","目录规则","mapped_fuzzy_context","7","301|323|215|121|401|357|447","resolved_fuzzy_by_menu_context"
"68","book_read.xml","@+id/menu_set_charset","@string/set_charset","设置编码","47","lib/features/reader/views/simple_reader_view.dart","TODO:设置编码","mapped_placeholder","0","47","placeholder_by_menu_context:expr:_readerActionLabel(action"
"69","book_read.xml","@+id/menu_add_bookmark","@string/bookmark_add","添加书签","47","lib/features/reader/views/simple_reader_view.dart","TODO:添加书签","mapped_placeholder","0","47","placeholder_by_menu_context:expr:_readerActionLabel(action"
"70","book_read.xml","@+id/menu_edit_content","@string/edit_content","编辑内容","59","lib/features/reader/views/simple_reader_view.dart","编辑书源","mapped_fuzzy_context","7","59|332|146|161|519|217|36","resolved_fuzzy_by_menu_context"
"71","book_read.xml","@+id/menu_page_anim","@string/book_page_anim","翻页动画（本书）","264","lib/features/settings/views/reading_page_settings_view.dart","滚动翻页无动画","mapped_fuzzy_context","7","264|279|263|266|267|265|19","resolved_fuzzy_by_menu_context"
"72","book_read.xml","@+id/menu_get_progress","@string/get_book_progress","拉取云端进度","47","lib/features/reader/views/simple_reader_view.dart","TODO:拉取云端进度","mapped_placeholder","4","47","placeholder_by_menu_context:expr:_readerActionLabel(action"
"73","book_read.xml","@+id/menu_cover_progress","@string/cover_book_progress","覆盖云端进度","47","lib/features/reader/views/simple_reader_view.dart","TODO:覆盖云端进度","mapped_placeholder","6","47","placeholder_by_menu_context:expr:_readerActionLabel(action"
"74","book_read.xml","@+id/menu_reverse_content","@string/reverse_content","反转内容","47","lib/features/reader/views/simple_reader_view.dart","TODO:反转内容","mapped_placeholder","2","47","placeholder_by_menu_context:expr:_readerActionLabel(action"
"75","book_read.xml","@+id/menu_simulated_reading","@string/simulated_reading","模拟追读","47","lib/features/reader/views/simple_reader_view.dart","TODO:模拟追读","mapped_placeholder","0","47","placeholder_by_menu_context:expr:_readerActionLabel(action"
"76","book_read.xml","@+id/menu_enable_replace","@string/replace_rule_title","替换净化","300","lib/features/settings/views/settings_view.dart","替换净化","mapped_exact_context","2","300|322","resolved_exact_by_menu_context"
"77","book_read.xml","@+id/menu_same_title_removed","@string/same_title_removed","移除重复标题","47","lib/features/reader/views/simple_reader_view.dart","TODO:移除重复标题","mapped_placeholder","7","47","placeholder_by_menu_context:expr:_readerActionLabel(action"
"78","book_read.xml","@+id/menu_re_segment","@string/re_segment","重新分段","47","lib/features/reader/views/simple_reader_view.dart","TODO:重新分段","mapped_placeholder","0","47","placeholder_by_menu_context:expr:_readerActionLabel(action"
"79","book_read.xml","@+id/menu_enable_review","@string/review","段评","47","lib/features/reader/views/simple_reader_view.dart","TODO:段评","mapped_placeholder","0","47","placeholder_by_menu_context:expr:_readerActionLabel(action"
"80","book_read.xml","@+id/menu_del_ruby_tag","@string/del_ruby_tag","删除ruby标签","63","lib/features/reader/views/simple_reader_view.dart","删除样式","mapped_fuzzy_context","7","63|150|164|477|520|526|41","resolved_fuzzy_by_menu_context"
"81","book_read.xml","@+id/menu_del_h_tag","@string/del_h_tag","删除h标签","63","lib/features/reader/views/simple_reader_view.dart","删除样式","mapped_fuzzy_context","7","63|150|164|477|520|526|41","resolved_fuzzy_by_menu_context"
"82","book_read.xml","@+id/menu_image_style","@string/image_style","图片样式","63","lib/features/reader/views/simple_reader_view.dart","删除样式","mapped_fuzzy_context","4","63|67|227|1","resolved_fuzzy_by_menu_context"
"83","book_read.xml","@+id/menu_update_toc","@string/update_toc","更新目录","301","lib/features/settings/views/settings_view.dart","目录规则","mapped_fuzzy_context","7","301|203|215|323|357|503|537","resolved_fuzzy_by_menu_context"
"84","book_read.xml","@+id/menu_effective_replaces","@string/effective_replaces","起效的替换","300","lib/features/settings/views/settings_view.dart","替换净化","mapped_fuzzy_context","4","300|331|247|322","resolved_fuzzy_by_menu_context"
"85","book_read.xml","@+id/menu_log","@string/log","日志","180","lib/features/search/views/search_book_info_view.dart","日志","mapped_exact_context","2","180|15","resolved_exact_by_menu_context"
"86","book_read.xml","@+id/menu_help","@string/help","帮助","360","lib/features/source/views/source_debug_legacy_view.dart","帮助","mapped_exact_context","3","360|382|497","resolved_exact_by_menu_context"
"87","book_read_change_source.xml","@+id/menu_chapter_change_source","@string/chapter_change_source","单章换源","186","lib/features/search/views/search_book_info_view.dart","换源","mapped_fuzzy_context","2","186|217","resolved_fuzzy_by_menu_context"
"88","book_read_change_source.xml","@+id/menu_book_change_source","@string/book_change_source","整书换源","59","lib/features/reader/views/simple_reader_view.dart","编辑书源","mapped_fuzzy_context","7","59|60|186|299|189|36|41","resolved_fuzzy_by_menu_context"
"89","book_read_record.xml","@+id/menu_sort","@string/sort","排序","245","lib/features/settings/views/other_settings_view.dart","新书默认排序","mapped_fuzzy_context","3","245|499|3","resolved_fuzzy_by_menu_context"
"90","book_read_record.xml","@+id/menu_sort_name","@string/sort_by_name","名称排序","47","lib/features/reader/views/simple_reader_view.dart","TODO:名称排序","mapped_placeholder","5","47","placeholder_by_menu_context:expr:_readerActionLabel(action"
"91","book_read_record.xml","@+id/menu_sort_read_long","@string/reading_time_sort","阅读时长排序","47","lib/features/reader/views/simple_reader_view.dart","TODO:阅读时长排序","mapped_placeholder","7","47","placeholder_by_menu_context:expr:_readerActionLabel(action"
"92","book_read_record.xml","@+id/menu_sort_read_time","@string/last_read_time_sort","阅读时间排序","47","lib/features/reader/views/simple_reader_view.dart","TODO:阅读时间排序","mapped_placeholder","7","47","placeholder_by_menu_context:expr:_readerActionLabel(action"
"93","book_read_record.xml","@+id/menu_enable_record","@string/enable_record","开启记录","224","lib/features/settings/views/function_settings_view.dart","阅读记录","mapped_fuzzy_context","4","224|312|247|25","resolved_fuzzy_by_menu_context"
"94","book_read_refresh.xml","@+id/menu_refresh_dur","@string/menu_refresh_dur","刷新当前章节","47","lib/features/reader/views/simple_reader_view.dart","TODO:刷新当前章节","mapped_placeholder","7","47","placeholder_by_menu_context:expr:_readerActionLabel(action"
"95","book_read_refresh.xml","@+id/menu_refresh_after","@string/menu_refresh_after","刷新之后章节","47","lib/features/reader/views/simple_reader_view.dart","TODO:刷新之后章节","mapped_placeholder","7","47","placeholder_by_menu_context:expr:_readerActionLabel(action"
"96","book_read_refresh.xml","@+id/menu_refresh_all","@string/menu_refresh_all","刷新全部章节","169","lib/features/search/views/search_book_info_view.dart","刷新","mapped_fuzzy_context","7","169|258|286|326|138|157|40","resolved_fuzzy_by_menu_context"
"97","book_read_source.xml","@+id/menu_login","@string/login","登录","57","lib/features/reader/views/simple_reader_view.dart","登录","mapped_exact_context","5","57|170|39|372|523","resolved_exact_by_menu_context"
"98","book_read_source.xml","@+id/menu_chapter_pay","@string/chapter_pay","购买","58","lib/features/reader/views/simple_reader_view.dart","章节购买","mapped_fuzzy_context","1","58","resolved_fuzzy_by_menu_context"
"99","book_read_source.xml","@+id/menu_edit_source","@string/edit_book_source","编辑书源","59","lib/features/reader/views/simple_reader_view.dart","编辑书源","mapped_exact_context","2","59|36","resolved_exact_by_menu_context"
"100","book_read_source.xml","@+id/menu_disable_source","@string/disable_book_source","禁用书源","60","lib/features/reader/views/simple_reader_view.dart","禁用书源","mapped_exact","1","60",""
"101","book_remote.xml","@+id/menu_refresh","@string/refresh","刷新","169","lib/features/search/views/search_book_info_view.dart","刷新","mapped_exact","1","169",""
"102","book_remote.xml","@+id/menu_sort","@string/sort","排序","3","lib/features/bookshelf/views/bookshelf_view.dart","expr:'排序：${_sortLabel(mode","mapped_fuzzy_context","3","3|245|499","resolved_fuzzy_by_menu_context"
"103","book_remote.xml","@+id/menu_sort_name","@string/sort_by_name","名称排序","3","lib/features/bookshelf/views/bookshelf_view.dart","expr:'排序：${_sortLabel(mode","mapped_fuzzy_context","5","3|501|201|245|499","resolved_fuzzy_by_menu_context"
"104","book_remote.xml","@+id/menu_sort_time","@string/sort_by_lastUpdateTime","更新时间排序","503","lib/features/source/views/source_list_view.dart","expr:'${_sortMode == _SourceSortMode.update ? '✓ ' : ''}更新时间'","mapped_fuzzy_context","7","503|245|203|287|499|504|537","resolved_fuzzy_by_menu_context"
"105","book_remote.xml","@+id/menu_server_config","@string/server_config","服务器配置","212","lib/features/settings/views/backup_settings_view.dart","服务器地址","mapped_fuzzy_context","2","212|240","resolved_fuzzy_by_menu_context"
"106","book_remote.xml","@+id/menu_help","@string/help","帮助","497","lib/features/source/views/source_list_view.dart","帮助","mapped_exact_context","3","497|360|382","resolved_exact_by_menu_context"
"107","book_remote.xml","@+id/menu_log","@string/log","日志","15","lib/features/bookshelf/views/bookshelf_view.dart","日志","mapped_exact_context","2","15|180","resolved_exact_by_menu_context"
"108","book_search.xml","@+id/menu_precision_search","@string/precision_search","精准搜索","198","lib/features/search/views/search_view.dart","搜索","mapped_fuzzy_context","7","198|38|373|524|355|399|422","resolved_fuzzy_by_menu_context"
"109","book_search.xml","@+id/menu_source_manage","@string/book_source_manage","书源管理","299","lib/features/settings/views/settings_view.dart","书源管理","mapped_exact_context","2","299|319","resolved_exact_by_menu_context"
"110","book_search.xml","@+id/menu_search_scope","@string/groups_or_source","多分组/书源","36","lib/features/discovery/views/discovery_view.dart","编辑书源","mapped_fuzzy_context","7","36|41|59|60|11|143|163","resolved_fuzzy_by_menu_context"
"111","book_search.xml","@+id/menu_log","@string/log","日志","180","lib/features/search/views/search_book_info_view.dart","日志","mapped_exact_context","2","180|15","resolved_exact_by_menu_context"
"112","book_search_scope.xml","@+id/menu_screen","@string/screen","筛选","34","lib/features/discovery/views/discovery_view.dart","清空筛选","mapped_fuzzy_context","4","34|349|163|149","resolved_fuzzy_by_menu_context"
"113","book_source.xml","@+id/action_sort","@string/sort","排序","499","lib/features/source/views/source_list_view.dart","expr:'${_sortMode == _SourceSortMode.manual ? '✓ ' : ''}手动排序'","mapped_fuzzy_context","3","499|245|3","resolved_fuzzy_by_menu_context"
"114","book_source.xml","@+id/menu_sort_desc","@string/sort_desc","反序","353","lib/features/source/views/source_debug_legacy_view.dart","TODO:反序","mapped_placeholder","0","353","placeholder_by_menu_context:expr:_exploreKinds[i].title"
"115","book_source.xml","@+id/menu_sort_manual","@string/sort_manual","手动排序","499","lib/features/source/views/source_list_view.dart","expr:'${_sortMode == _SourceSortMode.manual ? '✓ ' : ''}手动排序'","mapped_exact","1","499",""
"116","book_source.xml","@+id/menu_sort_auto","@string/sort_auto","智能排序","499","lib/features/source/views/source_list_view.dart","expr:'${_sortMode == _SourceSortMode.manual ? '✓ ' : ''}手动排序'","mapped_fuzzy_context","4","499|245|243|3","resolved_fuzzy_by_menu_context"
"117","book_source.xml","@+id/menu_sort_name","@string/sort_by_name","名称排序","501","lib/features/source/views/source_list_view.dart","expr:'${_sortMode == _SourceSortMode.name ? '✓ ' : ''}名称'","mapped_fuzzy_context","5","501|499|201|245|3","resolved_fuzzy_by_menu_context"
"118","book_source.xml","@+id/menu_sort_url","@string/sort_by_url","地址排序","502","lib/features/source/views/source_list_view.dart","expr:'${_sortMode == _SourceSortMode.url ? '✓ ' : ''}地址'","mapped_fuzzy_context","5","502|499|212|245|3","resolved_fuzzy_by_menu_context"
"119","book_source.xml","@+id/menu_sort_time","@string/sort_by_lastUpdateTime","更新时间排序","503","lib/features/source/views/source_list_view.dart","expr:'${_sortMode == _SourceSortMode.update ? '✓ ' : ''}更新时间'","mapped_fuzzy_context","7","503|499|504|537|245|203|287","resolved_fuzzy_by_menu_context"
"120","book_source.xml","@+id/menu_sort_respondTime","@string/sort_by_respondTime","响应时间排序","504","lib/features/source/views/source_list_view.dart","expr:'${_sortMode == _SourceSortMode.respond ? '✓ ' : ''}响应时间'","mapped_fuzzy_context","7","504|499|503|245|287|207|3","resolved_fuzzy_by_menu_context"
"121","book_source.xml","@+id/menu_sort_enable","@string/is_enabled","是否启用","509","lib/features/source/views/source_list_view.dart","启用","mapped_fuzzy_context","7","509|479|483|404|139|405|111","resolved_fuzzy_by_menu_context"
"122","book_source.xml","@+id/menu_group","@string/menu_action_group","分组","512","lib/features/source/views/source_list_view.dart","无分组","mapped_fuzzy_context","7","512|481|482|142|143|163|11","resolved_fuzzy_by_menu_context"
"123","book_source.xml","@+id/menu_group_manage","@string/group_manage","分组管理","508","lib/features/source/views/source_list_view.dart","分组管理","mapped_exact_context","3","508|143|11","resolved_exact_by_menu_context"
"124","book_source.xml","@+id/menu_enabled_group","@string/enabled","已启用","509","lib/features/source/views/source_list_view.dart","启用","mapped_fuzzy_context","7","509|479|483|404|139|405|111","resolved_fuzzy_by_menu_context"
"125","book_source.xml","@+id/menu_disabled_group","@string/disabled","已禁用","510","lib/features/source/views/source_list_view.dart","禁用","mapped_fuzzy_context","7","510|480|484|514|140|162|60","resolved_fuzzy_by_menu_context"
"126","book_source.xml","@+id/menu_group_login","@string/need_login","需要登录","523","lib/features/source/views/source_list_view.dart","登录","mapped_fuzzy_context","7","523|511|39|141|372|57|170","resolved_fuzzy_by_menu_context"
"127","book_source.xml","@+id/menu_group_null","@string/no_group","未分组","142","lib/features/rss/views/rss_source_manage_view.dart","未分组","mapped_exact","1","142",""
"128","book_source.xml","@+id/menu_enabled_explore_group","@string/enabled_explore","已启用发现","483","lib/features/source/views/source_list_view.dart","启用发现","mapped_fuzzy_context","7","483|513|509|405|404|139|111","resolved_fuzzy_by_menu_context"
"129","book_source.xml","@+id/menu_disabled_explore_group","@string/disabled_explore","已禁用发现","484","lib/features/source/views/source_list_view.dart","禁用发现","mapped_fuzzy_context","7","484|514|510|483|140|405|162","resolved_fuzzy_by_menu_context"
"130","book_source.xml","@+id/menu_add_book_source","@string/add_book_source","新建书源","492","lib/features/source/views/source_list_view.dart","新建书源","mapped_exact","1","492",""
"131","book_source.xml","@+id/menu_import_local","@string/import_local","本地导入","531","lib/features/source/views/source_list_view.dart","导入","mapped_fuzzy_context","7","531|328|379|19|6|7|14","resolved_fuzzy_by_menu_context"
"132","book_source.xml","@+id/menu_import_onLine","@string/import_on_line","网络导入","494","lib/features/source/views/source_list_view.dart","从网络导入","mapped_fuzzy_context","7","494|531|125|379|6|7|14","resolved_fuzzy_by_menu_context"
"133","book_source.xml","@+id/menu_import_qr","@string/import_by_qr_code","二维码导入","531","lib/features/source/views/source_list_view.dart","导入","mapped_fuzzy_context","7","531|495|380|379|8|124|125","resolved_fuzzy_by_menu_context"
"134","book_source.xml","@+id/menu_group_sources_by_domain","@string/group_sources_by_domain","按域名分组显示","496","lib/features/source/views/source_list_view.dart","expr:_groupSourcesByDomain ? '关闭按域名分组' : '按域名分组'","mapped_fuzzy_context","7","496|143|244|286|284|290|11","resolved_fuzzy_by_menu_context"
"135","book_source.xml","@+id/menu_help","@string/help","帮助","497","lib/features/source/views/source_list_view.dart","帮助","mapped_exact_context","3","497|360|382","resolved_exact_by_menu_context"
"136","book_source_debug.xml","@+id/menu_scan","@string/scan_qr_code","扫描二维码","495","lib/features/source/views/source_list_view.dart","扫码导入","mapped_fuzzy_context","4","495|421|380|379","resolved_fuzzy_by_menu_context"
"137","book_source_debug.xml","@+id/menu_search_src","@string/search_src","搜索源码","355","lib/features/source/views/source_debug_legacy_view.dart","搜索源码","mapped_exact","1","355",""
"138","book_source_debug.xml","@+id/menu_book_src","@string/boo_src","书籍源码","36","lib/features/discovery/views/discovery_view.dart","编辑书源","mapped_fuzzy_context","7","36|41|20|21|59|60|189","resolved_fuzzy_by_menu_context"
"139","book_source_debug.xml","@+id/menu_toc_src","@string/toc_src","目录源码","357","lib/features/source/views/source_debug_legacy_view.dart","目录源码","mapped_exact","1","357",""
"140","book_source_debug.xml","@+id/menu_content_src","@string/content_src","正文源码","358","lib/features/source/views/source_debug_legacy_view.dart","正文源码","mapped_exact","1","358",""
"141","book_source_debug.xml","@+id/menu_refresh_explore","@string/refresh_explore","刷新发现","359","lib/features/source/views/source_debug_legacy_view.dart","刷新发现","mapped_exact","1","359",""
"142","book_source_debug.xml","@+id/menu_help","@string/help","帮助","360","lib/features/source/views/source_debug_legacy_view.dart","帮助","mapped_exact_context","3","360|497|382","resolved_exact_by_menu_context"
"143","book_source_item.xml","@+id/menu_top","@string/to_top","置顶","485","lib/features/source/views/source_list_view.dart","置顶","mapped_exact_context","6","485|521|147|37|160|171","resolved_exact_by_menu_context"
"144","book_source_item.xml","@+id/menu_bottom","@string/to_bottom","置底","486","lib/features/source/views/source_list_view.dart","置底","mapped_exact_context","3","486|522|148","resolved_exact_by_menu_context"
"145","book_source_item.xml","@+id/menu_login","@string/login","登录","523","lib/features/source/views/source_list_view.dart","登录","mapped_exact_context","5","523|39|372|57|170","resolved_exact_by_menu_context"
"146","book_source_item.xml","@+id/menu_search","@string/search","搜索","524","lib/features/source/views/source_list_view.dart","搜索","mapped_exact_context","3","524|373|198","resolved_exact_by_menu_context"
"147","book_source_item.xml","@+id/menu_debug_source","@string/debug","调试","525","lib/features/source/views/source_list_view.dart","调试","mapped_exact_context","2","525|366","resolved_exact_by_menu_context"
"148","book_source_item.xml","@+id/menu_del","@string/delete","删除","477","lib/features/source/views/source_list_view.dart","删除","mapped_exact_context","5","477|520|526|150|164","resolved_exact_by_menu_context"
"149","book_source_item.xml","@+id/menu_enable_explore","@string/enable_explore","启用发现","483","lib/features/source/views/source_list_view.dart","启用发现","mapped_exact_context","3","483|513|405","resolved_exact_by_menu_context"
"150","book_source_sel.xml","@+id/menu_enable_selection","@string/enable_selection","启用所选","479","lib/features/source/views/source_list_view.dart","启用所选","mapped_exact","1","479",""
"151","book_source_sel.xml","@+id/menu_disable_selection","@string/disable_selection","禁用所选","480","lib/features/source/views/source_list_view.dart","禁用所选","mapped_exact","1","480",""
"152","book_source_sel.xml","@+id/menu_add_group","@string/add_group","添加分组","481","lib/features/source/views/source_list_view.dart","加入分组","mapped_fuzzy_context","7","481|482|508|143|142|163|11","resolved_fuzzy_by_menu_context"
"153","book_source_sel.xml","@+id/menu_remove_group","@string/remove_group","移除分组","482","lib/features/source/views/source_list_view.dart","移除分组","mapped_exact","1","482",""
"154","book_source_sel.xml","@+id/menu_enable_explore","@string/enable_explore","启用发现","483","lib/features/source/views/source_list_view.dart","启用发现","mapped_exact_context","3","483|513|405","resolved_exact_by_menu_context"
"155","book_source_sel.xml","@+id/menu_disable_explore","@string/disable_explore","禁用发现","484","lib/features/source/views/source_list_view.dart","禁用发现","mapped_exact_context","2","484|514","resolved_exact_by_menu_context"
"156","book_source_sel.xml","@+id/menu_top_sel","@string/selection_to_top","置顶所选","485","lib/features/source/views/source_list_view.dart","置顶","mapped_fuzzy_context","7","485|521|479|147|37|160|171","resolved_fuzzy_by_menu_context"
"157","book_source_sel.xml","@+id/menu_bottom_sel","@string/selection_to_bottom","置底所选","486","lib/features/source/views/source_list_view.dart","置底","mapped_fuzzy_context","7","486|522|479|480|487|488|148","resolved_fuzzy_by_menu_context"
"158","book_source_sel.xml","@+id/menu_export_selection","@string/export_selection","导出所选","487","lib/features/source/views/source_list_view.dart","导出所选","mapped_exact","1","487",""
"159","book_source_sel.xml","@+id/menu_share_source","@string/share_selected_source","分享选中源","488","lib/features/source/views/source_list_view.dart","分享所选","mapped_fuzzy_context","7","488|490|544|380|381|163|388","resolved_fuzzy_by_menu_context"
"160","book_source_sel.xml","@+id/menu_check_source","@string/check_select_source","校验所选","489","lib/features/source/views/source_list_view.dart","校验所选","mapped_exact","1","489",""
"161","book_source_sel.xml","@+id/menu_check_selected_interval","@string/check_selected_interval","选中所选区间","490","lib/features/source/views/source_list_view.dart","选中所选区间","mapped_exact","1","490",""
"162","book_toc.xml","@+id/menu_search","@string/search","搜索","198","lib/features/search/views/search_view.dart","搜索","mapped_exact_context","3","198|373|524","resolved_exact_by_menu_context"
"163","book_toc.xml","@+id/menu_toc_regex","@string/txt_toc_rule","TXT 目录规则","301","lib/features/settings/views/settings_view.dart","目录规则","mapped_fuzzy_context","7","301|323|215|121|401|357|447","resolved_fuzzy_by_menu_context"
"164","book_toc.xml","@+id/menu_split_long_chapter","@string/split_long_chapter","拆分超长章节","47","lib/features/reader/views/simple_reader_view.dart","TODO:拆分超长章节","mapped_placeholder","7","47","placeholder_by_menu_context:expr:_readerActionLabel(action"
"165","book_toc.xml","@+id/menu_reverse_toc","@string/reverse_toc","反转目录","301","lib/features/settings/views/settings_view.dart","目录规则","mapped_fuzzy_context","7","301|215|323|175|357|447|424","resolved_fuzzy_by_menu_context"
"166","book_toc.xml","@+id/menu_use_replace","@string/use_replace","使用替换","47","lib/features/reader/views/simple_reader_view.dart","TODO:使用替换","mapped_placeholder","5","47","placeholder_by_menu_context:expr:_readerActionLabel(action"
"167","book_toc.xml","@+id/menu_load_word_count","@string/load_word_count","加载字数","187","lib/features/search/views/search_book_info_view.dart","expr:_loadingToc ? '加载中' : '查看'","mapped_fuzzy_context","2","187|407","resolved_fuzzy_by_menu_context"
"168","book_toc.xml","@+id/menu_export_bookmark","@string/export","导出","126","lib/features/replace/views/replace_rule_list_view.dart","导出","mapped_exact_context","3","126|10|346","resolved_exact_by_menu_context"
"169","book_toc.xml","@+id/menu_export_md","@string/export_md","导出(MD)","126","lib/features/replace/views/replace_rule_list_view.dart","导出","mapped_fuzzy_context","7","126|208|209|10|346|13|487","resolved_fuzzy_by_menu_context"
"170","book_toc.xml","@+id/menu_log","@string/log","日志","180","lib/features/search/views/search_book_info_view.dart","日志","mapped_exact_context","2","180|15","resolved_exact_by_menu_context"
"171","bookmark.xml","@+id/menu_export","@string/export","导出","10","lib/features/bookshelf/views/bookshelf_view.dart","缓存导出","mapped_exact_context","3","10|346|126","resolved_exact_by_menu_context"
"172","bookmark.xml","@+id/menu_export_md","@string/export_md","导出(MD)","10","lib/features/bookshelf/views/bookshelf_view.dart","缓存导出","mapped_fuzzy_context","7","10|13|346|208|209|126|487","resolved_fuzzy_by_menu_context"
"173","bookshelf_manage.xml","@+id/menu_book_group","@string/group","分组","11","lib/features/bookshelf/views/bookshelf_view.dart","分组管理","mapped_fuzzy_context","7","11|512|481|482|142|143|163","resolved_fuzzy_by_menu_context"
"174","bookshelf_manage.xml","@+id/menu_group_manage","@string/group_manage","分组管理","11","lib/features/bookshelf/views/bookshelf_view.dart","分组管理","mapped_exact_context","3","11|508|143","resolved_exact_by_menu_context"
"175","bookshelf_manage.xml","@+id/menu_export_all_use_book_source","@string/export_all_use_book_source","导出所有书的书源","10","lib/features/bookshelf/views/bookshelf_view.dart","缓存导出","mapped_fuzzy_context","7","10|13|19|346|209|487|126","resolved_fuzzy_by_menu_context"
"176","bookshelf_manage.xml","@+id/menu_open_book_info_by_click_title","@string/open_book_info_by_click_title","点击书名打开详情","1","lib/features/bookshelf/views/bookshelf_view.dart","TODO:点击书名打开详情","mapped_placeholder","7","1","placeholder_by_menu_context:图墙模式"
"177","bookshelf_menage_sel.xml","@+id/menu_del_selection","@string/delete","删除","477","lib/features/source/views/source_list_view.dart","删除","mapped_exact_context","5","477|520|526|150|164","resolved_exact_by_menu_context"
"178","bookshelf_menage_sel.xml","@+id/menu_update_enable","@string/allow_update","允许更新","203","lib/features/settings/views/about_settings_view.dart","检查更新","mapped_fuzzy_context","4","203|176|503|537","resolved_fuzzy_by_menu_context"
"179","bookshelf_menage_sel.xml","@+id/menu_update_disable","@string/disable_update","禁止更新","203","lib/features/settings/views/about_settings_view.dart","检查更新","mapped_fuzzy_context","4","203|503|537|176","resolved_fuzzy_by_menu_context"
"180","bookshelf_menage_sel.xml","@+id/menu_add_to_group","@string/add_to_group","加入分组","481","lib/features/source/views/source_list_view.dart","加入分组","mapped_exact","1","481",""
"181","bookshelf_menage_sel.xml","@+id/menu_change_source","@string/change_source_batch","批量换源","378","lib/features/source/views/source_edit_legacy_view.dart","设置源变量","mapped_fuzzy_context","3","378|186|172","resolved_fuzzy_by_menu_context"
"182","bookshelf_menage_sel.xml","@+id/menu_clear_cache","@string/clear_cache","清理缓存","179","lib/features/search/views/search_book_info_view.dart","清理缓存","mapped_exact","1","179",""
"183","bookshelf_menage_sel.xml","@+id/menu_check_selected_interval","@string/check_selected_interval","选中所选区间","490","lib/features/source/views/source_list_view.dart","选中所选区间","mapped_exact","1","490",""
"184","change_cover.xml","@+id/menu_start_stop","@string/stop","停止","471","lib/features/source/views/source_list_view.dart","expr:snapshot.stopRequested ? '停止中' : '停止'","mapped_fuzzy_context","2","471|351","resolved_fuzzy_by_menu_context"
"185","change_source.xml","@+id/menu_screen","@string/screen","筛选","34","lib/features/discovery/views/discovery_view.dart","清空筛选","mapped_fuzzy_context","4","34|349|163|149","resolved_fuzzy_by_menu_context"
"186","change_source.xml","@+id/menu_start_stop","@string/stop","停止","471","lib/features/source/views/source_list_view.dart","expr:snapshot.stopRequested ? '停止中' : '停止'","mapped_fuzzy_context","2","471|351","resolved_fuzzy_by_menu_context"
"187","change_source.xml","@+id/menu_source_manage","@string/book_source_manage","书源管理","299","lib/features/settings/views/settings_view.dart","书源管理","mapped_exact_context","2","299|319","resolved_exact_by_menu_context"
"188","change_source.xml","@+id/menu_refresh_list","@string/refresh_list","刷新列表","169","lib/features/search/views/search_book_info_view.dart","刷新","mapped_fuzzy_context","7","169|40|359|445|426|2|238","resolved_fuzzy_by_menu_context"
"189","change_source.xml","@+id/menu_check_author","@string/checkAuthor","校验作者","413","lib/features/source/views/source_edit_view.dart","校验","mapped_fuzzy_context","2","413|489","resolved_fuzzy_by_menu_context"
"190","change_source.xml","@+id/menu_load_word_count","@string/load_word_count","加载字数","187","lib/features/search/views/search_book_info_view.dart","expr:_loadingToc ? '加载中' : '查看'","mapped_fuzzy_context","2","187|407","resolved_fuzzy_by_menu_context"
"191","change_source.xml","@+id/menu_load_info","@string/load_info","加载详情页","187","lib/features/search/views/search_book_info_view.dart","expr:_loadingToc ? '加载中' : '查看'","mapped_fuzzy_context","6","187|446|423|407|356|20","resolved_fuzzy_by_menu_context"
"192","change_source.xml","@+id/menu_load_toc","@string/load_toc","加载目录","168","lib/features/search/views/search_book_info_view.dart","TODO:加载目录","mapped_placeholder","7","168","placeholder_by_menu_context:上传到远程"
"193","change_source.xml","@+id/menu_group","@string/group","分组","512","lib/features/source/views/source_list_view.dart","无分组","mapped_fuzzy_context","7","512|481|482|142|11|143|163","resolved_fuzzy_by_menu_context"
"194","change_source.xml","@+id/menu_close","@string/close","关闭","496","lib/features/source/views/source_list_view.dart","expr:_groupSourcesByDomain ? '关闭按域名分组' : '按域名分组'","mapped_fuzzy_context","1","496","resolved_fuzzy_by_menu_context"
"195","change_source_item.xml","@+id/menu_top_source","@string/to_top","置顶","171","lib/features/search/views/search_book_info_view.dart","置顶","mapped_exact_context","6","171|37|485|521|147|160","resolved_exact_by_menu_context"
"196","change_source_item.xml","@+id/menu_bottom_source","@string/to_bottom","置底","486","lib/features/source/views/source_list_view.dart","置底","mapped_exact_context","3","486|522|148","resolved_exact_by_menu_context"
"197","change_source_item.xml","@+id/menu_edit_source","@string/edit_source","编辑源","36","lib/features/discovery/views/discovery_view.dart","编辑书源","mapped_fuzzy_context","5","36|519|59|146|161","resolved_fuzzy_by_menu_context"
"198","change_source_item.xml","@+id/menu_disable_source","@string/disable_source","禁用源","510","lib/features/source/views/source_list_view.dart","禁用","mapped_fuzzy_context","7","510|60|480|484|514|140|162","resolved_fuzzy_by_menu_context"
"199","change_source_item.xml","@+id/menu_delete_source","@string/delete_source","删除源","41","lib/features/discovery/views/discovery_view.dart","删除书源","mapped_fuzzy_context","7","41|477|520|526|63|150|164","resolved_fuzzy_by_menu_context"
"200","code_edit.xml","@+id/menu_save","@string/action_save","保存","110","lib/features/replace/views/replace_rule_edit_view.dart","保存","mapped_exact_context","5","110|167|365|394|541","resolved_exact_by_menu_context"
"201","content_edit.xml","@+id/menu_save","@string/action_save","保存","110","lib/features/replace/views/replace_rule_edit_view.dart","保存","mapped_exact_context","5","110|167|365|394|541","resolved_exact_by_menu_context"
"202","content_edit.xml","@+id/menu_reset","@string/reset","重置","47","lib/features/reader/views/simple_reader_view.dart","TODO:重置","mapped_placeholder","0","47","placeholder_by_menu_context:expr:_readerActionLabel(action"
"203","content_edit.xml","@+id/menu_copy_all","@string/copy_all","拷贝所有","47","lib/features/reader/views/simple_reader_view.dart","TODO:拷贝所有","mapped_placeholder","0","47","placeholder_by_menu_context:expr:_readerActionLabel(action"
"204","content_search.xml","@+id/menu_enable_replace","@string/replace","替换","300","lib/features/settings/views/settings_view.dart","替换净化","mapped_fuzzy_context","4","300|331|247|322","resolved_fuzzy_by_menu_context"
"205","content_select_action.xml","@+id/menu_replace","@string/replace","替换","300","lib/features/settings/views/settings_view.dart","替换净化","mapped_fuzzy_context","4","300|331|247|322","resolved_fuzzy_by_menu_context"
"206","content_select_action.xml","@+id/menu_copy","@android:string/copy","copy","47","lib/features/reader/views/simple_reader_view.dart","TODO:copy","mapped_placeholder","5","47","placeholder_by_menu_context:expr:_readerActionLabel(action"
"207","content_select_action.xml","@+id/menu_bookmark","@string/bookmark","书签","47","lib/features/reader/views/simple_reader_view.dart","TODO:书签","mapped_placeholder","0","47","placeholder_by_menu_context:expr:_readerActionLabel(action"
"208","content_select_action.xml","@+id/menu_aloud","@string/read_aloud","朗读","47","lib/features/reader/views/simple_reader_view.dart","TODO:朗读","mapped_placeholder","0","47","placeholder_by_menu_context:expr:_readerActionLabel(action"
"209","content_select_action.xml","@+id/menu_dict","@string/dict","字典","47","lib/features/reader/views/simple_reader_view.dart","TODO:字典","mapped_placeholder","0","47","placeholder_by_menu_context:expr:_readerActionLabel(action"
"210","content_select_action.xml","@+id/menu_search_content","@string/search_content","全文搜索","198","lib/features/search/views/search_view.dart","搜索","mapped_fuzzy_context","7","198|373|524|38|355|399|422","resolved_fuzzy_by_menu_context"
"211","content_select_action.xml","@+id/menu_browser","@string/browser","浏览器","47","lib/features/reader/views/simple_reader_view.dart","TODO:浏览器","mapped_placeholder","0","47","placeholder_by_menu_context:expr:_readerActionLabel(action"
"212","content_select_action.xml","@+id/menu_share_str","@string/share","分享","544","lib/features/source/views/source_qr_share_view.dart","分享","mapped_exact","1","544",""
"213","crash_log.xml","@+id/menu_clear","@string/clear","清除","25","lib/features/bookshelf/views/reading_history_view.dart","清除阅读记录","mapped_fuzzy_context","2","25|409","resolved_fuzzy_by_menu_context"
"214","dialog_text.xml","@+id/menu_close","@string/close","关闭","496","lib/features/source/views/source_list_view.dart","expr:_groupSourcesByDomain ? '关闭按域名分组' : '按域名分组'","mapped_fuzzy_context","1","496","resolved_fuzzy_by_menu_context"
"215","dict_rule.xml","@+id/menu_add","@string/create","新建","121","lib/features/replace/views/replace_rule_list_view.dart","新建规则","mapped_fuzzy_context","2","121|492","resolved_fuzzy_by_menu_context"
"216","dict_rule.xml","@+id/menu_import_local","@string/import_local","本地导入","328","lib/features/settings/views/storage_settings_view.dart","清理缓存不会影响书架与阅读进度；本地导入书籍的正文不会被清理。","mapped_fuzzy_context","7","328|531|19|6|7|14|379","resolved_fuzzy_by_menu_context"
"217","dict_rule.xml","@+id/menu_import_onLine","@string/import_on_line","网络导入","125","lib/features/replace/views/replace_rule_list_view.dart","从网络导入","mapped_fuzzy_context","7","125|494|531|6|7|14|379","resolved_fuzzy_by_menu_context"
"218","dict_rule.xml","@+id/menu_import_qr","@string/import_by_qr_code","二维码导入","124","lib/features/replace/views/replace_rule_list_view.dart","从文件导入","mapped_fuzzy_context","7","124|125|531|380|379|495|8","resolved_fuzzy_by_menu_context"
"219","dict_rule.xml","@+id/menu_import_default","@string/import_default_rule","导入默认规则","47","lib/features/reader/views/simple_reader_view.dart","TODO:导入默认规则","mapped_placeholder","7","47","placeholder_by_menu_context:expr:_readerActionLabel(action"
"220","dict_rule.xml","@+id/menu_help","@string/help","帮助","360","lib/features/source/views/source_debug_legacy_view.dart","帮助","mapped_exact_context","3","360|382|497","resolved_exact_by_menu_context"
"221","dict_rule_edit.xml","@+id/menu_save","@string/action_save","保存","110","lib/features/replace/views/replace_rule_edit_view.dart","保存","mapped_exact_context","5","110|167|365|394|541","resolved_exact_by_menu_context"
"222","dict_rule_edit.xml","@+id/menu_copy_rule","@string/copy_rule","拷贝规则","301","lib/features/settings/views/settings_view.dart","目录规则","mapped_fuzzy_context","7","301|121|331|323|401|399|400","resolved_fuzzy_by_menu_context"
"223","dict_rule_edit.xml","@+id/menu_paste_rule","@string/paste_rule","粘贴规则","301","lib/features/settings/views/settings_view.dart","目录规则","mapped_fuzzy_context","7","301|121|331|323|377|401|399","resolved_fuzzy_by_menu_context"
"224","dict_rule_sel.xml","@+id/menu_enable_selection","@string/enable_selection","启用所选","479","lib/features/source/views/source_list_view.dart","启用所选","mapped_exact","1","479",""
"225","dict_rule_sel.xml","@+id/menu_disable_selection","@string/disable_selection","禁用所选","480","lib/features/source/views/source_list_view.dart","禁用所选","mapped_exact","1","480",""
"226","dict_rule_sel.xml","@+id/menu_export_selection","@string/export_selection","导出所选","487","lib/features/source/views/source_list_view.dart","导出所选","mapped_exact","1","487",""
"227","direct_link_upload_config.xml","@+id/menu_copy_rule","@string/copy_rule","拷贝规则","401","lib/features/source/views/source_edit_view.dart","规则体检（Lint）","mapped_fuzzy_context","7","401|399|400|301|323|331|121","resolved_fuzzy_by_menu_context"
"228","direct_link_upload_config.xml","@+id/menu_paste_rule","@string/paste_rule","粘贴规则","401","lib/features/source/views/source_edit_view.dart","规则体检（Lint）","mapped_fuzzy_context","7","401|399|377|301|323|331|121","resolved_fuzzy_by_menu_context"
"229","direct_link_upload_config.xml","@+id/menu_import_default","@string/import_default_rule","导入默认规则","531","lib/features/source/views/source_list_view.dart","导入","mapped_fuzzy_context","7","531|399|245|331|19|104|123","resolved_fuzzy_by_menu_context"
"230","explore_item.xml","@+id/menu_edit","@string/edit","编辑","519","lib/features/source/views/source_list_view.dart","编辑","mapped_exact_context","3","519|146|161","resolved_exact_by_menu_context"
"231","explore_item.xml","@+id/menu_top","@string/to_top","置顶","171","lib/features/search/views/search_book_info_view.dart","置顶","mapped_exact_context","6","171|37|485|521|147|160","resolved_exact_by_menu_context"
"232","explore_item.xml","@+id/menu_login","@string/login","登录","170","lib/features/search/views/search_book_info_view.dart","登录","mapped_exact_context","5","170|39|57|523|372","resolved_exact_by_menu_context"
"233","explore_item.xml","@+id/menu_search","@string/search","搜索","198","lib/features/search/views/search_view.dart","搜索","mapped_exact_context","3","198|524|373","resolved_exact_by_menu_context"
"234","explore_item.xml","@+id/menu_refresh","@string/refresh","刷新","169","lib/features/search/views/search_book_info_view.dart","刷新","mapped_exact","1","169",""
"235","explore_item.xml","@+id/menu_del","@string/delete","删除","477","lib/features/source/views/source_list_view.dart","删除","mapped_exact_context","5","477|520|526|150|164","resolved_exact_by_menu_context"
"236","file_chooser.xml","@+id/menu_create","@string/create_folder","创建文件夹","493","lib/features/source/views/source_list_view.dart","从文件导入","mapped_fuzzy_context","7","493|461|460|388|210|211|124","resolved_fuzzy_by_menu_context"
"237","file_long_click.xml","@+id/menu_del","@string/delete","删除","477","lib/features/source/views/source_list_view.dart","删除","mapped_exact_context","5","477|520|526|150|164","resolved_exact_by_menu_context"
"238","font_select.xml","@+id/menu_default","@string/default_font","默认字体","277","lib/features/settings/views/reading_preferences_view.dart","字体","mapped_fuzzy_context","5","277|245|87|104|247","resolved_fuzzy_by_menu_context"
"239","font_select.xml","@+id/menu_other","@string/other_folder","其它目录","215","lib/features/settings/views/backup_settings_view.dart","同步目录","mapped_fuzzy_context","7","215|226|301|313|323|357|447","resolved_fuzzy_by_menu_context"
"240","group_manage.xml","@+id/menu_add","@string/add_group","添加分组","481","lib/features/source/views/source_list_view.dart","加入分组","mapped_fuzzy_context","7","481|482|508|143|142|11|163","resolved_fuzzy_by_menu_context"
"241","import_book.xml","@+id/menu_select_folder","@string/select_folder","选择文件夹","388","lib/features/source/views/source_edit_legacy_view.dart","expr:onGroupField ? '插入分组' : '选择文件'","mapped_fuzzy_context","7","388|493|536|537|124|66|67","resolved_fuzzy_by_menu_context"
"242","import_book.xml","@+id/menu_sort","@string/sort","排序","3","lib/features/bookshelf/views/bookshelf_view.dart","expr:'排序：${_sortLabel(mode","mapped_fuzzy_context","3","3|245|499","resolved_fuzzy_by_menu_context"
"243","import_book.xml","@+id/menu_sort_name","@string/sort_by_name","名称排序","3","lib/features/bookshelf/views/bookshelf_view.dart","expr:'排序：${_sortLabel(mode","mapped_fuzzy_context","5","3|501|201|245|499","resolved_fuzzy_by_menu_context"
"244","import_book.xml","@+id/menu_sort_size","@string/sort_by_size","大小排序","3","lib/features/bookshelf/views/bookshelf_view.dart","expr:'排序：${_sortLabel(mode","mapped_fuzzy_context","3","3|245|499","resolved_fuzzy_by_menu_context"
"245","import_book.xml","@+id/menu_sort_time","@string/sort_by_time","时间排序","3","lib/features/bookshelf/views/bookshelf_view.dart","expr:'排序：${_sortLabel(mode","mapped_fuzzy_context","6","3|287|245|499|503|504","resolved_fuzzy_by_menu_context"
"246","import_book.xml","@+id/menu_scan_folder","@string/scan_folder","智能扫描","1","lib/features/bookshelf/views/bookshelf_view.dart","TODO:智能扫描","mapped_placeholder","1","1","placeholder_by_menu_context:图墙模式"
"247","import_book.xml","@+id/menu_import_file_name","@string/import_file_name","导入文件名","8","lib/features/bookshelf/views/bookshelf_view.dart","URL 导入","mapped_fuzzy_context","7","8|210|211|531|493|124|125","resolved_fuzzy_by_menu_context"
"248","import_book_sel.xml","@+id/menu_del_selection","@string/delete","删除","477","lib/features/source/views/source_list_view.dart","删除","mapped_exact_context","5","477|520|526|150|164","resolved_exact_by_menu_context"
"249","import_replace.xml","@+id/menu_new_group","@string/diy_source_group","自定义源分组","201","lib/features/settings/views/about_settings_view.dart","TODO:自定义源分组","mapped_placeholder","7","201","placeholder_by_menu_context:应用名称"
"250","import_source.xml","@+id/menu_new_group","@string/diy_source_group","自定义源分组","353","lib/features/source/views/source_debug_legacy_view.dart","TODO:自定义源分组","mapped_placeholder","7","353","placeholder_by_menu_context:expr:_exploreKinds[i].title"
"251","import_source.xml","@+id/menu_select_new_source","@string/select_new_source","选中新增源","536","lib/features/source/views/source_list_view.dart","选择新增","mapped_fuzzy_context","5","536|492|537|490|204","resolved_fuzzy_by_menu_context"
"252","import_source.xml","@+id/menu_select_update_source","@string/select_update_source","选中更新源","537","lib/features/source/views/source_list_view.dart","选择更新","mapped_fuzzy_context","7","537|492|503|536|490|434|203","resolved_fuzzy_by_menu_context"
"253","import_source.xml","@+id/menu_keep_original_name","@string/keep_original_name","保留原名","353","lib/features/source/views/source_debug_legacy_view.dart","TODO:保留原名","mapped_placeholder","0","353","placeholder_by_menu_context:expr:_exploreKinds[i].title"
"254","import_source.xml","@+id/menu_keep_group","@string/keep_group","保留分组","481","lib/features/source/views/source_list_view.dart","加入分组","mapped_fuzzy_context","7","481|482|508|143|142|163|11","resolved_fuzzy_by_menu_context"
"255","import_source.xml","@+id/menu_keep_enable","@string/keep_enable","保留启用状态","505","lib/features/source/views/source_list_view.dart","expr:'${_sortMode == _SourceSortMode.enabled ? '✓ ' : ''}启用状态'","mapped_fuzzy_context","7","505|509|404|139|405|111|284","resolved_fuzzy_by_menu_context"
"256","keyboard_assists_config.xml","@+id/menu_add","@string/add","添加","47","lib/features/reader/views/simple_reader_view.dart","TODO:添加","mapped_placeholder","0","47","placeholder_by_menu_context:expr:_readerActionLabel(action"
"257","main_bnv.xml","@+id/menu_bookshelf","@string/bookshelf","书架","9","lib/features/bookshelf/views/bookshelf_view.dart","书架管理","mapped_fuzzy_context","7","9|12|13|14|26|244|328","resolved_fuzzy_by_menu_context"
"258","main_bnv.xml","@+id/menu_discovery","@string/discovery","发现","359","lib/features/source/views/source_debug_legacy_view.dart","刷新发现","mapped_fuzzy_context","7","359|405|483|484|513|514|40","resolved_fuzzy_by_menu_context"
"259","main_bnv.xml","@+id/menu_rss","@string/rss","订阅","302","lib/features/settings/views/settings_view.dart","订阅管理","mapped_fuzzy_context","3","302|249|320","resolved_fuzzy_by_menu_context"
"260","main_bnv.xml","@+id/menu_my_config","@string/my","我的","1","lib/features/bookshelf/views/bookshelf_view.dart","TODO:我的","mapped_placeholder","0","1","placeholder_by_menu_context:图墙模式"
"261","main_bookshelf.xml","@+id/menu_search","@string/search","搜索","373","lib/features/source/views/source_edit_legacy_view.dart","搜索","mapped_exact_context","3","373|524|198","resolved_exact_by_menu_context"
"262","main_bookshelf.xml","@+id/menu_update_toc","@string/update_toc","更新目录","203","lib/features/settings/views/about_settings_view.dart","检查更新","mapped_fuzzy_context","7","203|215|301|323|357|503|537","resolved_fuzzy_by_menu_context"
"263","main_bookshelf.xml","@+id/menu_add_local","@string/book_local","添加本地","1","lib/features/bookshelf/views/bookshelf_view.dart","TODO:添加本地","mapped_placeholder","4","1","placeholder_by_menu_context:图墙模式"
"264","main_bookshelf.xml","@+id/menu_remote","@string/add_remote_book","远程书籍","7","lib/features/bookshelf/views/bookshelf_view.dart","远程导入","mapped_fuzzy_context","7","7|20|21|19|385|168|173","resolved_fuzzy_by_menu_context"
"265","main_bookshelf.xml","@+id/menu_add_url","@string/add_url","添加网址","1","lib/features/bookshelf/views/bookshelf_view.dart","TODO:添加网址","mapped_placeholder","1","1","placeholder_by_menu_context:图墙模式"
"266","main_bookshelf.xml","@+id/menu_bookshelf_manage","@string/bookshelf_management","书架管理","9","lib/features/bookshelf/views/bookshelf_view.dart","书架管理","mapped_exact","1","9",""
"267","main_bookshelf.xml","@+id/menu_download","@string/cache_export","缓存/导出","10","lib/features/bookshelf/views/bookshelf_view.dart","缓存导出","mapped_fuzzy_context","7","10|13|209|346|126|487|179","resolved_fuzzy_by_menu_context"
"268","main_bookshelf.xml","@+id/menu_group_manage","@string/group_manage","分组管理","11","lib/features/bookshelf/views/bookshelf_view.dart","分组管理","mapped_exact_context","3","11|508|143","resolved_exact_by_menu_context"
"269","main_bookshelf.xml","@+id/menu_bookshelf_layout","@string/bookshelf_layout","书架布局","12","lib/features/bookshelf/views/bookshelf_view.dart","书架布局","mapped_exact","1","12",""
"270","main_bookshelf.xml","@+id/menu_export_bookshelf","@string/export_bookshelf","导出书单","10","lib/features/bookshelf/views/bookshelf_view.dart","缓存导出","mapped_fuzzy_context","7","10|13|14|19|346|126|487","resolved_fuzzy_by_menu_context"
"271","main_bookshelf.xml","@+id/menu_import_bookshelf","@string/import_bookshelf","导入书单","14","lib/features/bookshelf/views/bookshelf_view.dart","导入书架","mapped_fuzzy_context","7","14|19|6|7|13|531|379","resolved_fuzzy_by_menu_context"
"272","main_bookshelf.xml","@+id/menu_log","@string/log","日志","15","lib/features/bookshelf/views/bookshelf_view.dart","日志","mapped_exact_context","2","15|180","resolved_exact_by_menu_context"
"273","main_explore.xml","@+id/menu_group","@string/group","分组","512","lib/features/source/views/source_list_view.dart","无分组","mapped_fuzzy_context","7","512|481|482|142|11|143|163","resolved_fuzzy_by_menu_context"
"274","main_my.xml","@+id/menu_help","@string/help","帮助","360","lib/features/source/views/source_debug_legacy_view.dart","帮助","mapped_exact_context","3","360|382|497","resolved_exact_by_menu_context"
"275","main_rss.xml","@+id/menu_rss_star","@string/favorite","收藏","130","lib/features/rss/views/rss_group_manage_view.dart","TODO:收藏","mapped_placeholder","0","130","placeholder_by_menu_context:expr:Text(group"
"276","main_rss.xml","@+id/menu_group","@string/group","分组","142","lib/features/rss/views/rss_source_manage_view.dart","未分组","mapped_fuzzy_context","7","142|143|163|512|481|482|11","resolved_fuzzy_by_menu_context"
"277","main_rss.xml","@+id/menu_rss_config","@string/setting","设置","378","lib/features/source/views/source_edit_legacy_view.dart","设置源变量","mapped_fuzzy_context","7","378|223|226|228|313|172|104","resolved_fuzzy_by_menu_context"
"278","open_url_confirm.xml","@+id/menu_disable_source","@string/disable_source","禁用源","60","lib/features/reader/views/simple_reader_view.dart","禁用书源","mapped_fuzzy_context","7","60|510|140|162|480|484|514","resolved_fuzzy_by_menu_context"
"279","open_url_confirm.xml","@+id/menu_delete_source","@string/delete_source","删除源","41","lib/features/discovery/views/discovery_view.dart","删除书源","mapped_fuzzy_context","7","41|477|520|526|63|150|164","resolved_fuzzy_by_menu_context"
"280","qr_code_scan.xml","@+id/action_choose_from_gallery","@string/gallery","图库","353","lib/features/source/views/source_debug_legacy_view.dart","TODO:图库","mapped_placeholder","0","353","placeholder_by_menu_context:expr:_exploreKinds[i].title"
"281","replace_edit.xml","@+id/menu_save","@string/action_save","保存","110","lib/features/replace/views/replace_rule_edit_view.dart","保存","mapped_exact_context","5","110|167|365|394|541","resolved_exact_by_menu_context"
"282","replace_edit.xml","@+id/menu_copy_rule","@string/copy_rule","拷贝规则","301","lib/features/settings/views/settings_view.dart","目录规则","mapped_fuzzy_context","7","301|121|331|323|401|399|400","resolved_fuzzy_by_menu_context"
"283","replace_edit.xml","@+id/menu_paste_rule","@string/paste_rule","粘贴规则","301","lib/features/settings/views/settings_view.dart","目录规则","mapped_fuzzy_context","7","301|121|331|323|377|401|399","resolved_fuzzy_by_menu_context"
"284","replace_rule.xml","@+id/menu_group","@string/menu_action_group","分组","142","lib/features/rss/views/rss_source_manage_view.dart","未分组","mapped_fuzzy_context","7","142|512|11|143|163|481|482","resolved_fuzzy_by_menu_context"
"285","replace_rule.xml","@+id/menu_group_manage","@string/group_manage","分组管理","143","lib/features/rss/views/rss_source_manage_view.dart","分组管理","mapped_exact_context","3","143|11|508","resolved_exact_by_menu_context"
"286","replace_rule.xml","@+id/menu_group_null","@string/no_group","未分组","142","lib/features/rss/views/rss_source_manage_view.dart","未分组","mapped_exact","1","142",""
"287","replace_rule.xml","@+id/menu_add_replace_rule","@string/add_replace_rule","新建替换","300","lib/features/settings/views/settings_view.dart","替换净化","mapped_fuzzy_context","6","300|121|331|247|322|492","resolved_fuzzy_by_menu_context"
"288","replace_rule.xml","@+id/menu_import_local","@string/import_local","本地导入","328","lib/features/settings/views/storage_settings_view.dart","清理缓存不会影响书架与阅读进度；本地导入书籍的正文不会被清理。","mapped_fuzzy_context","7","328|531|19|6|7|14|379","resolved_fuzzy_by_menu_context"
"289","replace_rule.xml","@+id/menu_import_onLine","@string/import_on_line","网络导入","125","lib/features/replace/views/replace_rule_list_view.dart","从网络导入","mapped_fuzzy_context","7","125|494|531|6|7|14|379","resolved_fuzzy_by_menu_context"
"290","replace_rule.xml","@+id/menu_import_qr","@string/import_by_qr_code","二维码导入","124","lib/features/replace/views/replace_rule_list_view.dart","从文件导入","mapped_fuzzy_context","7","124|125|531|380|379|495|8","resolved_fuzzy_by_menu_context"
"291","replace_rule.xml","@+id/menu_help","@string/help","帮助","360","lib/features/source/views/source_debug_legacy_view.dart","帮助","mapped_exact_context","3","360|382|497","resolved_exact_by_menu_context"
"292","replace_rule_item.xml","@+id/menu_top","@string/to_top","置顶","171","lib/features/search/views/search_book_info_view.dart","置顶","mapped_exact_context","6","171|37|147|160|485|521","resolved_exact_by_menu_context"
"293","replace_rule_item.xml","@+id/menu_bottom","@string/to_bottom","置底","148","lib/features/rss/views/rss_source_manage_view.dart","置底","mapped_exact_context","3","148|486|522","resolved_exact_by_menu_context"
"294","replace_rule_item.xml","@+id/menu_del","@string/delete","删除","150","lib/features/rss/views/rss_source_manage_view.dart","删除","mapped_exact_context","5","150|164|477|520|526","resolved_exact_by_menu_context"
"295","replace_rule_sel.xml","@+id/menu_enable_selection","@string/enable_selection","启用所选","479","lib/features/source/views/source_list_view.dart","启用所选","mapped_exact","1","479",""
"296","replace_rule_sel.xml","@+id/menu_disable_selection","@string/disable_selection","禁用所选","480","lib/features/source/views/source_list_view.dart","禁用所选","mapped_exact","1","480",""
"297","replace_rule_sel.xml","@+id/menu_top_sel","@string/selection_to_top","置顶所选","171","lib/features/search/views/search_book_info_view.dart","置顶","mapped_fuzzy_context","7","171|485|521|37|147|160|479","resolved_fuzzy_by_menu_context"
"298","replace_rule_sel.xml","@+id/menu_bottom_sel","@string/selection_to_bottom","置底所选","486","lib/features/source/views/source_list_view.dart","置底","mapped_fuzzy_context","7","486|522|148|479|480|487|488","resolved_fuzzy_by_menu_context"
"299","replace_rule_sel.xml","@+id/menu_export_selection","@string/export_selection","导出所选","487","lib/features/source/views/source_list_view.dart","导出所选","mapped_exact","1","487",""
"300","rss_articles.xml","@+id/menu_login","@string/login","登录","372","lib/features/source/views/source_edit_legacy_view.dart","登录","mapped_exact_context","5","372|523|39|57|170","resolved_exact_by_menu_context"
"301","rss_articles.xml","@+id/menu_refresh_sort","@string/refresh_sort","刷新分类","359","lib/features/source/views/source_debug_legacy_view.dart","刷新发现","mapped_fuzzy_context","5","359|426|40|169|238","resolved_fuzzy_by_menu_context"
"302","rss_articles.xml","@+id/menu_set_source_variable","@string/set_source_variable","设置源变量","378","lib/features/source/views/source_edit_legacy_view.dart","设置源变量","mapped_exact_context","2","378|172","resolved_exact_by_menu_context"
"303","rss_articles.xml","@+id/menu_edit_source","@string/edit_source","编辑源","146","lib/features/rss/views/rss_source_manage_view.dart","编辑","mapped_fuzzy_context","5","146|161|519|36|59","resolved_fuzzy_by_menu_context"
"304","rss_articles.xml","@+id/menu_switch_layout","@string/switchLayout","切换布局","130","lib/features/rss/views/rss_group_manage_view.dart","TODO:切换布局","mapped_placeholder","5","130","placeholder_by_menu_context:expr:Text(group"
"305","rss_articles.xml","@+id/menu_read_record","@string/read_record","阅读记录","224","lib/features/settings/views/function_settings_view.dart","阅读记录","mapped_exact_context","2","224|312","resolved_exact_by_menu_context"
"306","rss_articles.xml","@+id/menu_clear","@string/clear","清除","409","lib/features/source/views/source_edit_view.dart","清除登录态缓存","mapped_fuzzy_context","2","409|25","resolved_fuzzy_by_menu_context"
"307","rss_favorites.xml","@+id/menu_group","@string/group","分组","142","lib/features/rss/views/rss_source_manage_view.dart","未分组","mapped_fuzzy_context","7","142|143|163|512|481|482|11","resolved_fuzzy_by_menu_context"
"308","rss_favorites.xml","@+id/menu_del_group","@string/delete_select_group","删除当前分组","150","lib/features/rss/views/rss_source_manage_view.dart","删除","mapped_fuzzy_context","7","150|164|477|520|526|482|11","resolved_fuzzy_by_menu_context"
"309","rss_favorites.xml","@+id/menu_del_all","@string/delete_all","删除所有","150","lib/features/rss/views/rss_source_manage_view.dart","删除","mapped_fuzzy_context","7","150|164|477|520|526|41|63","resolved_fuzzy_by_menu_context"
"310","rss_main_item.xml","@+id/menu_top","@string/to_top","置顶","147","lib/features/rss/views/rss_source_manage_view.dart","置顶","mapped_exact_context","6","147|160|485|521|37|171","resolved_exact_by_menu_context"
"311","rss_main_item.xml","@+id/menu_edit","@string/edit","编辑","146","lib/features/rss/views/rss_source_manage_view.dart","编辑","mapped_exact_context","3","146|161|519","resolved_exact_by_menu_context"
"312","rss_main_item.xml","@+id/menu_disable","@string/disable_source","禁用源","140","lib/features/rss/views/rss_source_manage_view.dart","禁用","mapped_fuzzy_context","7","140|162|510|480|484|514|60","resolved_fuzzy_by_menu_context"
"313","rss_main_item.xml","@+id/menu_del","@string/delete","删除","150","lib/features/rss/views/rss_source_manage_view.dart","删除","mapped_exact_context","5","150|164|477|520|526","resolved_exact_by_menu_context"
"314","rss_read.xml","@+id/menu_rss_refresh","@string/refresh","刷新","169","lib/features/search/views/search_book_info_view.dart","刷新","mapped_exact","1","169",""
"315","rss_read.xml","@+id/menu_rss_star","@string/favorite","收藏","130","lib/features/rss/views/rss_group_manage_view.dart","TODO:收藏","mapped_placeholder","0","130","placeholder_by_menu_context:expr:Text(group"
"316","rss_read.xml","@+id/menu_share_it","@string/share","分享","544","lib/features/source/views/source_qr_share_view.dart","分享","mapped_exact","1","544",""
"317","rss_read.xml","@+id/menu_aloud","@string/read_aloud","朗读","130","lib/features/rss/views/rss_group_manage_view.dart","TODO:朗读","mapped_placeholder","0","130","placeholder_by_menu_context:expr:Text(group"
"318","rss_read.xml","@+id/menu_login","@string/login","登录","372","lib/features/source/views/source_edit_legacy_view.dart","登录","mapped_exact_context","5","372|523|39|170|57","resolved_exact_by_menu_context"
"319","rss_read.xml","@+id/menu_browser_open","@string/open_in_browser","浏览器打开","539","lib/features/source/views/source_list_view.dart","打开","mapped_fuzzy_context","4","539|103|106|240","resolved_fuzzy_by_menu_context"
"320","rss_read_record.xml","@+id/menu_clear","@string/clear","清除","409","lib/features/source/views/source_edit_view.dart","清除登录态缓存","mapped_fuzzy_context","2","409|25","resolved_fuzzy_by_menu_context"
"321","rss_source.xml","@+id/menu_group","@string/menu_action_group","分组","512","lib/features/source/views/source_list_view.dart","无分组","mapped_fuzzy_context","7","512|481|482|142|143|163|11","resolved_fuzzy_by_menu_context"
"322","rss_source.xml","@+id/menu_group_manage","@string/group_manage","分组管理","508","lib/features/source/views/source_list_view.dart","分组管理","mapped_exact_context","3","508|143|11","resolved_exact_by_menu_context"
"323","rss_source.xml","@+id/menu_enabled_group","@string/enabled","已启用","509","lib/features/source/views/source_list_view.dart","启用","mapped_fuzzy_context","7","509|404|139|479|483|405|111","resolved_fuzzy_by_menu_context"
"324","rss_source.xml","@+id/menu_disabled_group","@string/disabled","已禁用","510","lib/features/source/views/source_list_view.dart","禁用","mapped_fuzzy_context","7","510|480|484|514|140|162|60","resolved_fuzzy_by_menu_context"
"325","rss_source.xml","@+id/menu_group_login","@string/need_login","需要登录","523","lib/features/source/views/source_list_view.dart","登录","mapped_fuzzy_context","7","523|511|39|141|372|57|170","resolved_fuzzy_by_menu_context"
"326","rss_source.xml","@+id/menu_group_null","@string/no_group","未分组","142","lib/features/rss/views/rss_source_manage_view.dart","未分组","mapped_exact","1","142",""
"327","rss_source.xml","@+id/menu_add","@string/add_rss_source","新建订阅源","492","lib/features/source/views/source_list_view.dart","新建书源","mapped_fuzzy_context","7","492|302|320|249|121|204|217","resolved_fuzzy_by_menu_context"
"328","rss_source.xml","@+id/menu_import_local","@string/import_local","本地导入","531","lib/features/source/views/source_list_view.dart","导入","mapped_fuzzy_context","7","531|328|379|19|6|7|14","resolved_fuzzy_by_menu_context"
"329","rss_source.xml","@+id/menu_import_onLine","@string/import_on_line","网络导入","494","lib/features/source/views/source_list_view.dart","从网络导入","mapped_fuzzy_context","7","494|531|125|379|6|7|14","resolved_fuzzy_by_menu_context"
"330","rss_source.xml","@+id/menu_import_qr","@string/import_by_qr_code","二维码导入","531","lib/features/source/views/source_list_view.dart","导入","mapped_fuzzy_context","7","531|495|380|379|8|124|125","resolved_fuzzy_by_menu_context"
"331","rss_source.xml","@+id/menu_import_default","@string/import_default_rule","导入默认规则","531","lib/features/source/views/source_list_view.dart","导入","mapped_fuzzy_context","7","531|399|245|331|19|104|123","resolved_fuzzy_by_menu_context"
"332","rss_source.xml","@+id/menu_help","@string/help","帮助","497","lib/features/source/views/source_list_view.dart","帮助","mapped_exact_context","3","497|360|382","resolved_exact_by_menu_context"
"333","rss_source_debug.xml","@+id/menu_list_src","@string/list_src","列表源码","445","lib/features/source/views/source_edit_view.dart","列表页源码","mapped_fuzzy_context","7","445|355|356|357|358|446|2","resolved_fuzzy_by_menu_context"
"334","rss_source_debug.xml","@+id/menu_content_src","@string/content_src","正文源码","358","lib/features/source/views/source_debug_legacy_view.dart","正文源码","mapped_exact","1","358",""
"335","rss_source_item.xml","@+id/menu_top","@string/to_top","置顶","485","lib/features/source/views/source_list_view.dart","置顶","mapped_exact_context","6","485|521|147|37|160|171","resolved_exact_by_menu_context"
"336","rss_source_item.xml","@+id/menu_bottom","@string/to_bottom","置底","486","lib/features/source/views/source_list_view.dart","置底","mapped_exact_context","3","486|522|148","resolved_exact_by_menu_context"
"337","rss_source_item.xml","@+id/menu_del","@string/delete","删除","477","lib/features/source/views/source_list_view.dart","删除","mapped_exact_context","5","477|520|526|150|164","resolved_exact_by_menu_context"
"338","rss_source_sel.xml","@+id/menu_enable_selection","@string/enable_selection","启用所选","479","lib/features/source/views/source_list_view.dart","启用所选","mapped_exact","1","479",""
"339","rss_source_sel.xml","@+id/menu_disable_selection","@string/disable_selection","禁用所选","480","lib/features/source/views/source_list_view.dart","禁用所选","mapped_exact","1","480",""
"340","rss_source_sel.xml","@+id/menu_add_group","@string/add_group","添加分组","481","lib/features/source/views/source_list_view.dart","加入分组","mapped_fuzzy_context","7","481|482|508|143|142|163|11","resolved_fuzzy_by_menu_context"
"341","rss_source_sel.xml","@+id/menu_remove_group","@string/remove_group","移除分组","482","lib/features/source/views/source_list_view.dart","移除分组","mapped_exact","1","482",""
"342","rss_source_sel.xml","@+id/menu_top_sel","@string/selection_to_top","置顶所选","485","lib/features/source/views/source_list_view.dart","置顶","mapped_fuzzy_context","7","485|521|479|147|37|160|171","resolved_fuzzy_by_menu_context"
"343","rss_source_sel.xml","@+id/menu_bottom_sel","@string/selection_to_bottom","置底所选","486","lib/features/source/views/source_list_view.dart","置底","mapped_fuzzy_context","7","486|522|479|480|487|488|148","resolved_fuzzy_by_menu_context"
"344","rss_source_sel.xml","@+id/menu_export_selection","@string/export_selection","导出所选","487","lib/features/source/views/source_list_view.dart","导出所选","mapped_exact","1","487",""
"345","rss_source_sel.xml","@+id/menu_share_source","@string/share_selected_source","分享选中源","488","lib/features/source/views/source_list_view.dart","分享所选","mapped_fuzzy_context","7","488|490|544|380|381|163|388","resolved_fuzzy_by_menu_context"
"346","rss_source_sel.xml","@+id/menu_check_selected_interval","@string/check_selected_interval","选中所选区间","490","lib/features/source/views/source_list_view.dart","选中所选区间","mapped_exact","1","490",""
"347","save.xml","@+id/menu_save","@string/action_save","保存","365","lib/features/source/views/source_edit_legacy_view.dart","保存","mapped_exact_context","5","365|394|541|110|167","resolved_exact_by_menu_context"
"348","search_view.xml","@+id/menu_search","@string/search","搜索","198","lib/features/search/views/search_view.dart","搜索","mapped_exact_context","3","198|373|524","resolved_exact_by_menu_context"
"349","server_config.xml","@+id/menu_save","@string/action_save","保存","394","lib/features/source/views/source_edit_view.dart","保存","mapped_exact_context","5","394|541|365|110|167","resolved_exact_by_menu_context"
"350","servers.xml","@+id/menu_add","@string/create","新建","492","lib/features/source/views/source_list_view.dart","新建书源","mapped_fuzzy_context","2","492|121","resolved_fuzzy_by_menu_context"
"351","source_edit.xml","@+id/menu_save","@string/action_save","保存","394","lib/features/source/views/source_edit_view.dart","保存","mapped_exact_context","5","394|541|365|110|167","resolved_exact_by_menu_context"
"352","source_edit.xml","@+id/menu_debug_source","@string/debug_source","调试源","525","lib/features/source/views/source_list_view.dart","调试","mapped_fuzzy_context","7","525|427|366|459|461|431|443","resolved_fuzzy_by_menu_context"
"353","source_edit.xml","@+id/menu_login","@string/login","登录","523","lib/features/source/views/source_list_view.dart","登录","mapped_exact_context","5","523|39|372|57|170","resolved_exact_by_menu_context"
"354","source_edit.xml","@+id/menu_search","@string/search","搜索","524","lib/features/source/views/source_list_view.dart","搜索","mapped_exact_context","3","524|373|198","resolved_exact_by_menu_context"
"355","source_edit.xml","@+id/menu_clear_cookie","@string/cookie","清除 Cookie","353","lib/features/source/views/source_debug_legacy_view.dart","TODO:清除 Cookie","mapped_placeholder","2","353","placeholder_by_menu_context:expr:_exploreKinds[i].title"
"356","source_edit.xml","@+id/menu_auto_complete","@string/auto_complete","自动补全","375","lib/features/source/views/source_edit_legacy_view.dart","expr:'自动补全 ${_autoComplete ? '✓' : ''}'","mapped_exact","1","375",""
"357","source_edit.xml","@+id/menu_copy_source","@string/copy_source","拷贝源","353","lib/features/source/views/source_debug_legacy_view.dart","TODO:拷贝源","mapped_placeholder","0","353","placeholder_by_menu_context:expr:_exploreKinds[i].title"
"358","source_edit.xml","@+id/menu_paste_source","@string/paste_source","粘贴源","353","lib/features/source/views/source_debug_legacy_view.dart","TODO:粘贴源","mapped_placeholder","2","353","placeholder_by_menu_context:expr:_exploreKinds[i].title"
"359","source_edit.xml","@+id/menu_set_source_variable","@string/set_source_variable","设置源变量","378","lib/features/source/views/source_edit_legacy_view.dart","设置源变量","mapped_exact_context","2","378|172","resolved_exact_by_menu_context"
"360","source_edit.xml","@+id/menu_qr_code_camera","@string/import_by_qr_code","二维码导入","531","lib/features/source/views/source_list_view.dart","导入","mapped_fuzzy_context","7","531|495|380|379|8|124|125","resolved_fuzzy_by_menu_context"
"361","source_edit.xml","@+id/menu_share_qr","@string/qr_share","二维码分享","488","lib/features/source/views/source_list_view.dart","分享所选","mapped_fuzzy_context","6","488|380|544|381|229|315","resolved_fuzzy_by_menu_context"
"362","source_edit.xml","@+id/menu_share_str","@string/str_share","字符串分享","488","lib/features/source/views/source_list_view.dart","分享所选","mapped_fuzzy_context","6","488|544|380|381|229|315","resolved_fuzzy_by_menu_context"
"363","source_edit.xml","@+id/menu_help","@string/help","帮助","497","lib/features/source/views/source_list_view.dart","帮助","mapped_exact_context","3","497|360|382","resolved_exact_by_menu_context"
"364","source_login.xml","@+id/menu_ok","@string/ok","确认","353","lib/features/source/views/source_debug_legacy_view.dart","TODO:确认","mapped_placeholder","0","353","placeholder_by_menu_context:expr:_exploreKinds[i].title"
"365","source_login.xml","@+id/menu_show_login_header","@string/show_login_header","查看登录头","523","lib/features/source/views/source_list_view.dart","登录","mapped_fuzzy_context","7","523|39|424|372|141|57|170","resolved_fuzzy_by_menu_context"
"366","source_login.xml","@+id/menu_del_login_header","@string/del_login_header","删除登录头","477","lib/features/source/views/source_list_view.dart","删除","mapped_fuzzy_context","7","477|150|39|372|164|57|170","resolved_fuzzy_by_menu_context"
"367","source_login.xml","@+id/menu_log","@string/log","日志","15","lib/features/bookshelf/views/bookshelf_view.dart","日志","mapped_exact_context","2","15|180","resolved_exact_by_menu_context"
"368","source_picker.xml","@+id/menu_change_source_delay","@string/change_source_delay","换源间隔","186","lib/features/search/views/search_book_info_view.dart","换源","mapped_fuzzy_context","1","186","resolved_fuzzy_by_menu_context"
"369","source_sub_item.xml","@+id/menu_del","@string/delete","删除","477","lib/features/source/views/source_list_view.dart","删除","mapped_exact_context","5","477|520|526|150|164","resolved_exact_by_menu_context"
"370","source_subscription.xml","@+id/menu_add","@string/add","添加","353","lib/features/source/views/source_debug_legacy_view.dart","TODO:添加","mapped_placeholder","0","353","placeholder_by_menu_context:expr:_exploreKinds[i].title"
"371","source_webview_login.xml","@+id/menu_ok","@string/ok","确认","353","lib/features/source/views/source_debug_legacy_view.dart","TODO:确认","mapped_placeholder","0","353","placeholder_by_menu_context:expr:_exploreKinds[i].title"
"372","speak_engine.xml","@+id/menu_add","@string/add","添加","47","lib/features/reader/views/simple_reader_view.dart","TODO:添加","mapped_placeholder","0","47","placeholder_by_menu_context:expr:_readerActionLabel(action"
"373","speak_engine.xml","@+id/menu_default","@string/import_default_rule","导入默认规则","47","lib/features/reader/views/simple_reader_view.dart","TODO:导入默认规则","mapped_placeholder","7","47","placeholder_by_menu_context:expr:_readerActionLabel(action"
"374","speak_engine.xml","@+id/menu_import_local","@string/import_local","本地导入","328","lib/features/settings/views/storage_settings_view.dart","清理缓存不会影响书架与阅读进度；本地导入书籍的正文不会被清理。","mapped_fuzzy_context","7","328|531|19|6|7|14|379","resolved_fuzzy_by_menu_context"
"375","speak_engine.xml","@+id/menu_import_onLine","@string/import_on_line","网络导入","125","lib/features/replace/views/replace_rule_list_view.dart","从网络导入","mapped_fuzzy_context","7","125|494|531|6|7|14|379","resolved_fuzzy_by_menu_context"
"376","speak_engine.xml","@+id/menu_export","@string/export","导出","126","lib/features/replace/views/replace_rule_list_view.dart","导出","mapped_exact_context","3","126|10|346","resolved_exact_by_menu_context"
"377","speak_engine_edit.xml","@+id/menu_save","@string/action_save","保存","110","lib/features/replace/views/replace_rule_edit_view.dart","保存","mapped_exact_context","5","110|167|365|394|541","resolved_exact_by_menu_context"
"378","speak_engine_edit.xml","@+id/menu_login","@string/login","登录","57","lib/features/reader/views/simple_reader_view.dart","登录","mapped_exact_context","5","57|170|39|372|523","resolved_exact_by_menu_context"
"379","speak_engine_edit.xml","@+id/menu_show_login_header","@string/show_login_header","查看登录头","57","lib/features/reader/views/simple_reader_view.dart","登录","mapped_fuzzy_context","7","57|170|39|372|523|424|141","resolved_fuzzy_by_menu_context"
"380","speak_engine_edit.xml","@+id/menu_del_login_header","@string/del_login_header","删除登录头","57","lib/features/reader/views/simple_reader_view.dart","登录","mapped_fuzzy_context","7","57|170|39|150|164|372|477","resolved_fuzzy_by_menu_context"
"381","speak_engine_edit.xml","@+id/menu_copy_source","@string/copy_source","拷贝源","47","lib/features/reader/views/simple_reader_view.dart","TODO:拷贝源","mapped_placeholder","0","47","placeholder_by_menu_context:expr:_readerActionLabel(action"
"382","speak_engine_edit.xml","@+id/menu_paste_source","@string/paste_source","粘贴源","377","lib/features/source/views/source_edit_legacy_view.dart","粘贴书源","mapped_fuzzy_context","2","377|466","resolved_fuzzy_by_menu_context"
"383","speak_engine_edit.xml","@+id/menu_log","@string/log","日志","180","lib/features/search/views/search_book_info_view.dart","日志","mapped_exact_context","2","180|15","resolved_exact_by_menu_context"
"384","speak_engine_edit.xml","@+id/menu_help","@string/help","帮助","382","lib/features/source/views/source_edit_legacy_view.dart","帮助","mapped_exact_context","3","382|360|497","resolved_exact_by_menu_context"
"385","theme_config.xml","@+id/menu_theme_mode","@string/theme_mode","主题模式","276","lib/features/settings/views/reading_preferences_view.dart","主题","mapped_fuzzy_context","7","276|279|206|306|112|1|2","resolved_fuzzy_by_menu_context"
"386","theme_list.xml","@+id/menu_import","剪贴板导入","剪贴板导入","123","lib/features/replace/views/replace_rule_list_view.dart","从剪贴板导入","mapped_fuzzy_context","7","123|124|125|531|466|8|493","resolved_fuzzy_by_menu_context"
"387","txt_toc_rule.xml","@+id/menu_add","@string/add","添加","47","lib/features/reader/views/simple_reader_view.dart","TODO:添加","mapped_placeholder","0","47","placeholder_by_menu_context:expr:_readerActionLabel(action"
"388","txt_toc_rule.xml","@+id/menu_import_local","@string/import_local","本地导入","328","lib/features/settings/views/storage_settings_view.dart","清理缓存不会影响书架与阅读进度；本地导入书籍的正文不会被清理。","mapped_fuzzy_context","7","328|531|19|6|7|14|379","resolved_fuzzy_by_menu_context"
"389","txt_toc_rule.xml","@+id/menu_import_onLine","@string/import_on_line","网络导入","125","lib/features/replace/views/replace_rule_list_view.dart","从网络导入","mapped_fuzzy_context","7","125|494|531|6|7|14|379","resolved_fuzzy_by_menu_context"
"390","txt_toc_rule.xml","@+id/menu_import_qr","@string/import_by_qr_code","二维码导入","124","lib/features/replace/views/replace_rule_list_view.dart","从文件导入","mapped_fuzzy_context","7","124|125|531|380|379|495|8","resolved_fuzzy_by_menu_context"
"391","txt_toc_rule.xml","@+id/menu_import_default","@string/import_default_rule","导入默认规则","47","lib/features/reader/views/simple_reader_view.dart","TODO:导入默认规则","mapped_placeholder","7","47","placeholder_by_menu_context:expr:_readerActionLabel(action"
"392","txt_toc_rule.xml","@+id/menu_help","@string/help","帮助","360","lib/features/source/views/source_debug_legacy_view.dart","帮助","mapped_exact_context","3","360|382|497","resolved_exact_by_menu_context"
"393","txt_toc_rule_edit.xml","@+id/menu_save","@string/action_save","保存","110","lib/features/replace/views/replace_rule_edit_view.dart","保存","mapped_exact_context","5","110|167|365|394|541","resolved_exact_by_menu_context"
"394","txt_toc_rule_edit.xml","@+id/menu_copy_rule","@string/copy_rule","拷贝规则","301","lib/features/settings/views/settings_view.dart","目录规则","mapped_fuzzy_context","7","301|121|331|323|401|399|400","resolved_fuzzy_by_menu_context"
"395","txt_toc_rule_edit.xml","@+id/menu_paste_rule","@string/paste_rule","粘贴规则","301","lib/features/settings/views/settings_view.dart","目录规则","mapped_fuzzy_context","7","301|121|331|323|377|401|399","resolved_fuzzy_by_menu_context"
"396","txt_toc_rule_item.xml","@+id/menu_top","@string/to_top","置顶","171","lib/features/search/views/search_book_info_view.dart","置顶","mapped_exact_context","6","171|37|147|160|485|521","resolved_exact_by_menu_context"
"397","txt_toc_rule_item.xml","@+id/menu_bottom","@string/to_bottom","置底","148","lib/features/rss/views/rss_source_manage_view.dart","置底","mapped_exact_context","3","148|486|522","resolved_exact_by_menu_context"
"398","txt_toc_rule_item.xml","@+id/menu_del","@string/delete","删除","150","lib/features/rss/views/rss_source_manage_view.dart","删除","mapped_exact_context","5","150|164|477|520|526","resolved_exact_by_menu_context"
"399","txt_toc_rule_sel.xml","@+id/menu_enable_selection","@string/enable_selection","启用所选","479","lib/features/source/views/source_list_view.dart","启用所选","mapped_exact","1","479",""
"400","txt_toc_rule_sel.xml","@+id/menu_disable_selection","@string/disable_selection","禁用所选","480","lib/features/source/views/source_list_view.dart","禁用所选","mapped_exact","1","480",""
"401","txt_toc_rule_sel.xml","@+id/menu_export_selection","@string/export_selection","导出所选","487","lib/features/source/views/source_list_view.dart","导出所选","mapped_exact","1","487",""
"402","verification_code.xml","@+id/menu_ok","@string/ok","确认","353","lib/features/source/views/source_debug_legacy_view.dart","TODO:确认","mapped_placeholder","0","353","placeholder_by_menu_context:expr:_exploreKinds[i].title"
"403","verification_code.xml","@+id/menu_disable_source","@string/disable_source","禁用源","510","lib/features/source/views/source_list_view.dart","禁用","mapped_fuzzy_context","7","510|140|480|484|514|162|60","resolved_fuzzy_by_menu_context"
"404","verification_code.xml","@+id/menu_delete_source","@string/delete_source","删除源","477","lib/features/source/views/source_list_view.dart","删除","mapped_fuzzy_context","7","477|520|526|150|164|41|63","resolved_fuzzy_by_menu_context"
"405","web_view.xml","@+id/menu_ok","@string/ok","确认","353","lib/features/source/views/source_debug_legacy_view.dart","TODO:确认","mapped_placeholder","0","353","placeholder_by_menu_context:expr:_exploreKinds[i].title"
"406","web_view.xml","@+id/menu_open_in_browser","@string/open_in_browser","浏览器打开","539","lib/features/source/views/source_list_view.dart","打开","mapped_fuzzy_context","4","539|240|103|106","resolved_fuzzy_by_menu_context"
"407","web_view.xml","@+id/menu_copy_url","@string/copy_url","拷贝 URL","353","lib/features/source/views/source_debug_legacy_view.dart","TODO:拷贝 URL","mapped_placeholder","0","353","placeholder_by_menu_context:expr:_exploreKinds[i].title"
"408","web_view.xml","@+id/menu_full_screen","@string/full_screen","全屏","353","lib/features/source/views/source_debug_legacy_view.dart","TODO:全屏","mapped_placeholder","0","353","placeholder_by_menu_context:expr:_exploreKinds[i].title"
"409","web_view.xml","@+id/menu_disable_source","@string/disable_source","禁用源","510","lib/features/source/views/source_list_view.dart","禁用","mapped_fuzzy_context","7","510|140|480|484|514|162|60","resolved_fuzzy_by_menu_context"
"410","web_view.xml","@+id/menu_delete_source","@string/delete_source","删除源","477","lib/features/source/views/source_list_view.dart","删除","mapped_fuzzy_context","7","477|520|526|150|164|41|63","resolved_fuzzy_by_menu_context"
