priority_order,seq,phase,menu_file,item_id,title_zh,current_status,priority_tier,priority_score,priority_reason
1,162,P2,book_toc.xml,@+id/menu_search,搜索,done,CORE-P0,6220,P2+text_reading+critical_action
2,163,P2,book_toc.xml,@+id/menu_toc_regex,TXT 目录规则,done,CORE-P0,6220,P2+text_reading+critical_action
3,165,P2,book_toc.xml,@+id/menu_reverse_toc,反转目录,done,CORE-P0,6220,P2+text_reading+critical_action
4,168,P2,book_toc.xml,@+id/menu_export_bookmark,导出,done,CORE-P0,6220,P2+text_reading+critical_action
5,169,P2,book_toc.xml,@+id/menu_export_md,导出(MD),done,CORE-P0,6220,P2+text_reading+critical_action
6,64,P3,book_read.xml,@+id/menu_change_source,换源,done,CORE-P1,6120,P3+text_reading+critical_action
7,65,P3,book_read.xml,@+id/menu_refresh,刷新,done,CORE-P1,6120,P3+text_reading+critical_action
8,66,P3,book_read.xml,@+id/menu_download,离线缓存,done,CORE-P1,6120,P3+text_reading+critical_action
9,67,P3,book_read.xml,@+id/menu_toc_regex,TXT 目录规则,done,CORE-P1,6120,P3+text_reading+critical_action
10,68,P3,book_read.xml,@+id/menu_set_charset,设置编码,done,CORE-P1,6120,P3+text_reading+critical_action
11,83,P3,book_read.xml,@+id/menu_update_toc,更新目录,done,CORE-P1,6120,P3+text_reading+critical_action
12,94,P3,book_read_refresh.xml,@+id/menu_refresh_dur,刷新当前章节,done,CORE-P1,6120,P3+text_reading+critical_action
13,95,P3,book_read_refresh.xml,@+id/menu_refresh_after,刷新之后章节,done,CORE-P1,6120,P3+text_reading+critical_action
14,96,P3,book_read_refresh.xml,@+id/menu_refresh_all,刷新全部章节,done,CORE-P1,6120,P3+text_reading+critical_action
15,97,P3,book_read_source.xml,@+id/menu_login,登录,done,CORE-P1,6120,P3+text_reading+critical_action
16,99,P3,book_read_source.xml,@+id/menu_edit_source,编辑书源,done,CORE-P1,6120,P3+text_reading+critical_action
17,100,P3,book_read_source.xml,@+id/menu_disable_source,禁用书源,done,CORE-P1,6120,P3+text_reading+critical_action
18,164,P2,book_toc.xml,@+id/menu_split_long_chapter,拆分超长章节,done,CORE-P1,6100,P2+text_reading
19,166,P2,book_toc.xml,@+id/menu_use_replace,使用替换,done,CORE-P1,6100,P2+text_reading
20,167,P2,book_toc.xml,@+id/menu_load_word_count,加载字数,done,CORE-P1,6100,P2+text_reading
21,69,P3,book_read.xml,@+id/menu_add_bookmark,添加书签,done,CORE-P1,6000,P3+text_reading
22,70,P3,book_read.xml,@+id/menu_edit_content,编辑内容,done,CORE-P1,6000,P3+text_reading
23,71,P3,book_read.xml,@+id/menu_page_anim,翻页动画（本书）,done,CORE-P1,6000,P3+text_reading
24,72,P3,book_read.xml,@+id/menu_get_progress,拉取云端进度,done,CORE-P1,6000,P3+text_reading
25,73,P3,book_read.xml,@+id/menu_cover_progress,覆盖云端进度,done,CORE-P1,6000,P3+text_reading
26,74,P3,book_read.xml,@+id/menu_reverse_content,反转内容,done,CORE-P1,6000,P3+text_reading
27,75,P3,book_read.xml,@+id/menu_simulated_reading,模拟追读,done,CORE-P1,6000,P3+text_reading
28,76,P3,book_read.xml,@+id/menu_enable_replace,替换净化,done,CORE-P1,6000,P3+text_reading
29,77,P3,book_read.xml,@+id/menu_same_title_removed,移除重复标题,done,CORE-P1,6000,P3+text_reading
30,78,P3,book_read.xml,@+id/menu_re_segment,重新分段,done,CORE-P1,6000,P3+text_reading
31,79,P3,book_read.xml,@+id/menu_enable_review,段评,done,CORE-P1,6000,P3+text_reading
32,80,P3,book_read.xml,@+id/menu_del_ruby_tag,删除ruby标签,done,CORE-P1,6000,P3+text_reading+done
33,81,P3,book_read.xml,@+id/menu_del_h_tag,删除h标签,done,CORE-P1,6000,P3+text_reading
34,82,P3,book_read.xml,@+id/menu_image_style,图片样式,done,CORE-P1,6000,P3+text_reading+done
35,84,P3,book_read.xml,@+id/menu_effective_replaces,起效的替换,done,CORE-P1,6000,P3+text_reading+done
36,98,P3,book_read_source.xml,@+id/menu_chapter_pay,购买,done,CORE-P1,6000,P3+text_reading
37,348,P2,search_view.xml,@+id/menu_search,搜索,done,CORE-SUPPORT,5320,P2+critical_action+done
38,5,P3,audio_play.xml,@+id/menu_change_source,换源,done,CORE-SUPPORT,5220,P3+critical_action+done
39,6,P3,audio_play.xml,@+id/menu_login,登录,done,CORE-SUPPORT,5220,P3+critical_action+done
40,8,P3,audio_play.xml,@+id/menu_edit_source,编辑书源,done,CORE-SUPPORT,5220,P3+critical_action+done
41,87,P3,book_read_change_source.xml,@+id/menu_chapter_change_source,单章换源,done,CORE-SUPPORT,5220,P3+critical_action+done
42,88,P3,book_read_change_source.xml,@+id/menu_book_change_source,整书换源,done,CORE-SUPPORT,5220,P3+critical_action+done
43,210,P3,content_select_action.xml,@+id/menu_search_content,全文搜索,done,CORE-SUPPORT,5220,P3+critical_action+done
44,239,P3,font_select.xml,@+id/menu_other,其它目录,done,CORE-SUPPORT,5220,P3+critical_action+done
45,373,P3,speak_engine.xml,@+id/menu_default,导入默认规则,done,CORE-SUPPORT,5220,P3+critical_action+done
46,374,P3,speak_engine.xml,@+id/menu_import_local,本地导入,done,CORE-SUPPORT,5220,P3+critical_action+done
47,375,P3,speak_engine.xml,@+id/menu_import_onLine,网络导入,done,CORE-SUPPORT,5220,P3+critical_action+done
48,376,P3,speak_engine.xml,@+id/menu_export,导出,done,CORE-SUPPORT,5220,P3+critical_action+done
49,378,P3,speak_engine_edit.xml,@+id/menu_login,登录,done,CORE-SUPPORT,5220,P3+critical_action
50,379,P3,speak_engine_edit.xml,@+id/menu_show_login_header,查看登录头,done,CORE-SUPPORT,5220,P3+critical_action
51,380,P3,speak_engine_edit.xml,@+id/menu_del_login_header,删除登录头,done,CORE-SUPPORT,5220,P3+critical_action
52,9,P3,audio_play.xml,@+id/menu_wake_lock,音频服务唤醒锁,done,CORE-SUPPORT,5100,P3
53,93,P3,book_read_record.xml,@+id/menu_enable_record,开启记录,done,CORE-SUPPORT,5100,P3
54,201,P3,content_edit.xml,@+id/menu_save,保存,done,CORE-SUPPORT,5100,P3
55,202,P3,content_edit.xml,@+id/menu_reset,重置,done,CORE-SUPPORT,5100,P3
56,204,P3,content_search.xml,@+id/menu_enable_replace,替换,done,CORE-SUPPORT,5100,P3
57,205,P3,content_select_action.xml,@+id/menu_replace,替换,done,CORE-SUPPORT,5100,P3
58,207,P3,content_select_action.xml,@+id/menu_bookmark,书签,done,CORE-SUPPORT,5100,P3
59,208,P3,content_select_action.xml,@+id/menu_aloud,朗读,done,CORE-SUPPORT,5100,P3
60,209,P3,content_select_action.xml,@+id/menu_dict,字典,done,CORE-SUPPORT,5100,P3
61,211,P3,content_select_action.xml,@+id/menu_browser,浏览器,done,CORE-SUPPORT,5100,P3
62,212,P3,content_select_action.xml,@+id/menu_share_str,分享,done,CORE-SUPPORT,5100,P3
63,238,P3,font_select.xml,@+id/menu_default,默认字体,done,CORE-SUPPORT,5100,P3
64,256,P3,keyboard_assists_config.xml,@+id/menu_add,添加,done,CORE-SUPPORT,5100,P3
65,372,P3,speak_engine.xml,@+id/menu_add,添加,done,CORE-SUPPORT,5100,P3
66,377,P3,speak_engine_edit.xml,@+id/menu_save,保存,done,CORE-SUPPORT,5100,P3
67,382,P3,speak_engine_edit.xml,@+id/menu_paste_source,粘贴源,done,CORE-SUPPORT,5100,P3
68,126,P4,book_source.xml,@+id/menu_group_login,需要登录,done,DONE,2700,P4+source_chain+done
69,130,P4,book_source.xml,@+id/menu_add_book_source,新建书源,done,DONE,2700,P4+source_chain+done
70,131,P4,book_source.xml,@+id/menu_import_local,本地导入,done,DONE,2700,P4+source_chain+done
71,132,P4,book_source.xml,@+id/menu_import_onLine,网络导入,done,DONE,2700,P4+source_chain+done
72,133,P4,book_source.xml,@+id/menu_import_qr,二维码导入,done,DONE,2700,P4+source_chain+done
73,137,P4,book_source_debug.xml,@+id/menu_search_src,搜索源码,done,DONE,2700,P4+source_chain+done
74,139,P4,book_source_debug.xml,@+id/menu_toc_src,目录源码,done,DONE,2700,P4+source_chain+done
75,140,P4,book_source_debug.xml,@+id/menu_content_src,正文源码,done,DONE,2700,P4+source_chain+done
76,141,P4,book_source_debug.xml,@+id/menu_refresh_explore,刷新发现,done,DONE,2700,P4+source_chain+done
77,145,P4,book_source_item.xml,@+id/menu_login,登录,done,CORE-SUPPORT,5020,P4+source_chain+critical_action
78,146,P4,book_source_item.xml,@+id/menu_search,搜索,done,CORE-SUPPORT,5020,P4+source_chain+critical_action+done
79,158,P4,book_source_sel.xml,@+id/menu_export_selection,导出所选,done,CORE-SUPPORT,5020,P4+source_chain+critical_action+done
80,187,P4,change_source.xml,@+id/menu_source_manage,书源管理,done,CORE-SUPPORT,5020,P4+source_chain+critical_action+done
81,188,P4,change_source.xml,@+id/menu_refresh_list,刷新列表,done,CORE-SUPPORT,5020,P4+source_chain+critical_action+done
82,192,P4,change_source.xml,@+id/menu_load_toc,加载目录,done,CORE-SUPPORT,5020,P4+source_chain+critical_action+done
83,353,P4,source_edit.xml,@+id/menu_login,登录,done,CORE-SUPPORT,5020,P4+source_chain+critical_action
84,354,P4,source_edit.xml,@+id/menu_search,搜索,done,CORE-SUPPORT,5020,P4+source_chain+critical_action
85,360,P4,source_edit.xml,@+id/menu_qr_code_camera,二维码导入,done,CORE-SUPPORT,5020,P4+source_chain+critical_action
86,365,P4,source_login.xml,@+id/menu_show_login_header,查看登录头,done,CORE-SUPPORT,5020,P4+source_chain+critical_action
87,366,P4,source_login.xml,@+id/menu_del_login_header,删除登录头,done,CORE-SUPPORT,5020,P4+source_chain+critical_action
88,368,P4,source_picker.xml,@+id/menu_change_source_delay,换源间隔,pending,CORE-SUPPORT,5020,P4+source_chain+critical_action
89,123,P4,book_source.xml,@+id/menu_group_manage,分组管理,done,DONE,2700,P4+source_chain+done
90,124,P4,book_source.xml,@+id/menu_enabled_group,已启用,done,DONE,2700,P4+source_chain+done
91,125,P4,book_source.xml,@+id/menu_disabled_group,已禁用,done,DONE,2700,P4+source_chain+done
92,127,P4,book_source.xml,@+id/menu_group_null,未分组,done,DONE,2700,P4+source_chain+done
93,128,P4,book_source.xml,@+id/menu_enabled_explore_group,已启用发现,done,DONE,2700,P4+source_chain+done
94,129,P4,book_source.xml,@+id/menu_disabled_explore_group,已禁用发现,done,CORE-SUPPORT,4900,P4+source_chain
95,134,P4,book_source.xml,@+id/menu_group_sources_by_domain,按域名分组显示,done,DONE,2700,P4+source_chain+done
96,136,P4,book_source_debug.xml,@+id/menu_scan,扫描二维码,done,DONE,2700,P4+source_chain+done
97,138,P4,book_source_debug.xml,@+id/menu_book_src,书籍源码,done,DONE,2700,P4+source_chain+done
98,143,P4,book_source_item.xml,@+id/menu_top,置顶,done,CORE-SUPPORT,4900,P4+source_chain
99,144,P4,book_source_item.xml,@+id/menu_bottom,置底,done,CORE-SUPPORT,4900,P4+source_chain
100,147,P4,book_source_item.xml,@+id/menu_debug_source,调试,done,CORE-SUPPORT,4900,P4+source_chain
101,148,P4,book_source_item.xml,@+id/menu_del,删除,done,CORE-SUPPORT,4900,P4+source_chain+done
102,149,P4,book_source_item.xml,@+id/menu_enable_explore,启用发现,done,CORE-SUPPORT,4900,P4+source_chain+done
103,150,P4,book_source_sel.xml,@+id/menu_enable_selection,启用所选,pending,CORE-SUPPORT,4900,P4+source_chain
104,151,P4,book_source_sel.xml,@+id/menu_disable_selection,禁用所选,pending,CORE-SUPPORT,4900,P4+source_chain
105,152,P4,book_source_sel.xml,@+id/menu_add_group,添加分组,pending,CORE-SUPPORT,4900,P4+source_chain
106,153,P4,book_source_sel.xml,@+id/menu_remove_group,移除分组,pending,CORE-SUPPORT,4900,P4+source_chain
107,154,P4,book_source_sel.xml,@+id/menu_enable_explore,启用发现,pending,CORE-SUPPORT,4900,P4+source_chain
108,155,P4,book_source_sel.xml,@+id/menu_disable_explore,禁用发现,pending,CORE-SUPPORT,4900,P4+source_chain
109,156,P4,book_source_sel.xml,@+id/menu_top_sel,置顶所选,pending,CORE-SUPPORT,4900,P4+source_chain
110,157,P4,book_source_sel.xml,@+id/menu_bottom_sel,置底所选,pending,CORE-SUPPORT,4900,P4+source_chain
111,159,P4,book_source_sel.xml,@+id/menu_share_source,分享选中源,pending,CORE-SUPPORT,4900,P4+source_chain
112,160,P4,book_source_sel.xml,@+id/menu_check_source,校验所选,pending,CORE-SUPPORT,4900,P4+source_chain
113,161,P4,book_source_sel.xml,@+id/menu_check_selected_interval,选中所选区间,pending,CORE-SUPPORT,4900,P4+source_chain
114,185,P4,change_source.xml,@+id/menu_screen,筛选,pending,CORE-SUPPORT,4900,P4+source_chain
115,186,P4,change_source.xml,@+id/menu_start_stop,停止,pending,CORE-SUPPORT,4900,P4+source_chain
116,189,P4,change_source.xml,@+id/menu_check_author,校验作者,pending,CORE-SUPPORT,4900,P4+source_chain
117,190,P4,change_source.xml,@+id/menu_load_word_count,加载字数,pending,CORE-SUPPORT,4900,P4+source_chain
118,191,P4,change_source.xml,@+id/menu_load_info,加载详情页,pending,CORE-SUPPORT,4900,P4+source_chain
119,193,P4,change_source.xml,@+id/menu_group,分组,pending,CORE-SUPPORT,4900,P4+source_chain
120,194,P4,change_source.xml,@+id/menu_close,关闭,pending,CORE-SUPPORT,4900,P4+source_chain
121,195,P4,change_source_item.xml,@+id/menu_top_source,置顶,pending,CORE-SUPPORT,4900,P4+source_chain
122,196,P4,change_source_item.xml,@+id/menu_bottom_source,置底,pending,CORE-SUPPORT,4900,P4+source_chain
123,197,P4,change_source_item.xml,@+id/menu_edit_source,编辑源,pending,CORE-SUPPORT,4900,P4+source_chain
124,198,P4,change_source_item.xml,@+id/menu_disable_source,禁用源,pending,CORE-SUPPORT,4900,P4+source_chain
125,199,P4,change_source_item.xml,@+id/menu_delete_source,删除源,pending,CORE-SUPPORT,4900,P4+source_chain
126,351,P4,source_edit.xml,@+id/menu_save,保存,pending,CORE-SUPPORT,4900,P4+source_chain
127,352,P4,source_edit.xml,@+id/menu_debug_source,调试源,pending,CORE-SUPPORT,4900,P4+source_chain
128,355,P4,source_edit.xml,@+id/menu_clear_cookie,清除 Cookie,pending,CORE-SUPPORT,4900,P4+source_chain
129,356,P4,source_edit.xml,@+id/menu_auto_complete,自动补全,pending,CORE-SUPPORT,4900,P4+source_chain
130,358,P4,source_edit.xml,@+id/menu_paste_source,粘贴源,pending,CORE-SUPPORT,4900,P4+source_chain
131,359,P4,source_edit.xml,@+id/menu_set_source_variable,设置源变量,pending,CORE-SUPPORT,4900,P4+source_chain
132,361,P4,source_edit.xml,@+id/menu_share_qr,二维码分享,pending,CORE-SUPPORT,4900,P4+source_chain
133,362,P4,source_edit.xml,@+id/menu_share_str,字符串分享,pending,CORE-SUPPORT,4900,P4+source_chain
134,364,P4,source_login.xml,@+id/menu_ok,确认,pending,CORE-SUPPORT,4900,P4+source_chain
135,369,P4,source_sub_item.xml,@+id/menu_del,删除,pending,CORE-SUPPORT,4900,P4+source_chain
136,370,P4,source_subscription.xml,@+id/menu_add,添加,pending,CORE-SUPPORT,4900,P4+source_chain
137,371,P4,source_webview_login.xml,@+id/menu_ok,确认,pending,CORE-SUPPORT,4900,P4+source_chain
138,216,P5,dict_rule.xml,@+id/menu_import_local,本地导入,pending,SUPPORT,4420,P5+critical_action
139,217,P5,dict_rule.xml,@+id/menu_import_onLine,网络导入,pending,SUPPORT,4420,P5+critical_action
140,218,P5,dict_rule.xml,@+id/menu_import_qr,二维码导入,pending,SUPPORT,4420,P5+critical_action
141,219,P5,dict_rule.xml,@+id/menu_import_default,导入默认规则,pending,SUPPORT,4420,P5+critical_action
142,223,P5,dict_rule_edit.xml,@+id/menu_paste_rule,粘贴规则,pending,SUPPORT,4420,P5+critical_action
143,226,P5,dict_rule_sel.xml,@+id/menu_export_selection,导出所选,pending,SUPPORT,4420,P5+critical_action
144,283,P5,replace_edit.xml,@+id/menu_paste_rule,粘贴规则,pending,SUPPORT,4420,P5+critical_action
145,288,P5,replace_rule.xml,@+id/menu_import_local,本地导入,pending,SUPPORT,4420,P5+critical_action
146,289,P5,replace_rule.xml,@+id/menu_import_onLine,网络导入,pending,SUPPORT,4420,P5+critical_action
147,290,P5,replace_rule.xml,@+id/menu_import_qr,二维码导入,pending,SUPPORT,4420,P5+critical_action
148,299,P5,replace_rule_sel.xml,@+id/menu_export_selection,导出所选,pending,SUPPORT,4420,P5+critical_action
149,388,P5,txt_toc_rule.xml,@+id/menu_import_local,本地导入,pending,SUPPORT,4420,P5+critical_action
150,389,P5,txt_toc_rule.xml,@+id/menu_import_onLine,网络导入,pending,SUPPORT,4420,P5+critical_action
151,390,P5,txt_toc_rule.xml,@+id/menu_import_qr,二维码导入,pending,SUPPORT,4420,P5+critical_action
152,391,P5,txt_toc_rule.xml,@+id/menu_import_default,导入默认规则,pending,SUPPORT,4420,P5+critical_action
153,395,P5,txt_toc_rule_edit.xml,@+id/menu_paste_rule,粘贴规则,pending,SUPPORT,4420,P5+critical_action
154,401,P5,txt_toc_rule_sel.xml,@+id/menu_export_selection,导出所选,pending,SUPPORT,4420,P5+critical_action
155,215,P5,dict_rule.xml,@+id/menu_add,新建,pending,SUPPORT,4300,P5
156,221,P5,dict_rule_edit.xml,@+id/menu_save,保存,pending,SUPPORT,4300,P5
157,224,P5,dict_rule_sel.xml,@+id/menu_enable_selection,启用所选,pending,SUPPORT,4300,P5
158,225,P5,dict_rule_sel.xml,@+id/menu_disable_selection,禁用所选,pending,SUPPORT,4300,P5
159,281,P5,replace_edit.xml,@+id/menu_save,保存,pending,SUPPORT,4300,P5
160,284,P5,replace_rule.xml,@+id/menu_group,分组,pending,SUPPORT,4300,P5
161,285,P5,replace_rule.xml,@+id/menu_group_manage,分组管理,pending,SUPPORT,4300,P5
162,286,P5,replace_rule.xml,@+id/menu_group_null,未分组,pending,SUPPORT,4300,P5
163,287,P5,replace_rule.xml,@+id/menu_add_replace_rule,新建替换,pending,SUPPORT,4300,P5
164,292,P5,replace_rule_item.xml,@+id/menu_top,置顶,pending,SUPPORT,4300,P5
165,293,P5,replace_rule_item.xml,@+id/menu_bottom,置底,pending,SUPPORT,4300,P5
166,294,P5,replace_rule_item.xml,@+id/menu_del,删除,pending,SUPPORT,4300,P5
167,295,P5,replace_rule_sel.xml,@+id/menu_enable_selection,启用所选,pending,SUPPORT,4300,P5
168,296,P5,replace_rule_sel.xml,@+id/menu_disable_selection,禁用所选,pending,SUPPORT,4300,P5
169,297,P5,replace_rule_sel.xml,@+id/menu_top_sel,置顶所选,pending,SUPPORT,4300,P5
170,298,P5,replace_rule_sel.xml,@+id/menu_bottom_sel,置底所选,pending,SUPPORT,4300,P5
171,387,P5,txt_toc_rule.xml,@+id/menu_add,添加,pending,SUPPORT,4300,P5
172,393,P5,txt_toc_rule_edit.xml,@+id/menu_save,保存,pending,SUPPORT,4300,P5
173,396,P5,txt_toc_rule_item.xml,@+id/menu_top,置顶,pending,SUPPORT,4300,P5
174,397,P5,txt_toc_rule_item.xml,@+id/menu_bottom,置底,pending,SUPPORT,4300,P5
175,398,P5,txt_toc_rule_item.xml,@+id/menu_del,删除,pending,SUPPORT,4300,P5
176,399,P5,txt_toc_rule_sel.xml,@+id/menu_enable_selection,启用所选,pending,SUPPORT,4300,P5
177,400,P5,txt_toc_rule_sel.xml,@+id/menu_disable_selection,禁用所选,pending,SUPPORT,4300,P5
178,13,P6,book_cache.xml,@+id/menu_download,下载,pending,SUPPORT,3870,P6+io_support+critical_action
179,15,P6,book_cache.xml,@+id/menu_export_all,导出所有,pending,SUPPORT,3870,P6+io_support+critical_action
180,17,P6,book_cache.xml,@+id/menu_enable_custom_export,自定义Epub导出章节,pending,SUPPORT,3870,P6+io_support+critical_action
181,18,P6,book_cache.xml,@+id/menu_export_web_dav,导出到 WebDav,pending,SUPPORT,3870,P6+io_support+critical_action
182,19,P6,book_cache.xml,@+id/menu_export_no_chapter_name,TXT 不导出章节名,pending,SUPPORT,3870,P6+io_support+critical_action
183,20,P6,book_cache.xml,@+id/menu_export_pics_file,TXT 导出图片,pending,SUPPORT,3870,P6+io_support+critical_action
184,21,P6,book_cache.xml,@+id/menu_parallel_export,多线程导出,pending,SUPPORT,3870,P6+io_support+critical_action
185,22,P6,book_cache.xml,@+id/menu_export_folder,导出文件夹,pending,SUPPORT,3870,P6+io_support+critical_action
186,23,P6,book_cache.xml,@+id/menu_export_file_name,导出文件名,pending,SUPPORT,3870,P6+io_support+critical_action
187,24,P6,book_cache.xml,@+id/menu_export_type,导出格式,pending,SUPPORT,3870,P6+io_support+critical_action
188,25,P6,book_cache.xml,@+id/menu_export_charset,导出编码,pending,SUPPORT,3870,P6+io_support+critical_action
189,27,P6,book_cache_download.xml,@+id/menu_download_after,下载之后章节,pending,SUPPORT,3870,P6+io_support+critical_action
190,28,P6,book_cache_download.xml,@+id/menu_download_all,下载全部章节,pending,SUPPORT,3870,P6+io_support+critical_action
191,228,P8,direct_link_upload_config.xml,@+id/menu_paste_rule,粘贴规则,pending,SUPPORT,3770,P8+io_support+critical_action
192,229,P8,direct_link_upload_config.xml,@+id/menu_import_default,导入默认规则,pending,SUPPORT,3770,P8+io_support+critical_action
193,247,P8,import_book.xml,@+id/menu_import_file_name,导入文件名,pending,SUPPORT,3770,P8+io_support+critical_action
194,14,P6,book_cache.xml,@+id/menu_book_group,分组,pending,SUPPORT,3750,P6+io_support
195,16,P6,book_cache.xml,@+id/menu_enable_replace,替换净化,pending,SUPPORT,3750,P6+io_support
196,241,P8,import_book.xml,@+id/menu_select_folder,选择文件夹,pending,SUPPORT,3650,P8+io_support
197,246,P8,import_book.xml,@+id/menu_scan_folder,智能扫描,pending,SUPPORT,3650,P8+io_support
198,248,P8,import_book_sel.xml,@+id/menu_del_selection,删除,pending,SUPPORT,3650,P8+io_support
199,349,P8,server_config.xml,@+id/menu_save,保存,pending,SUPPORT,3650,P8+io_support
200,350,P8,servers.xml,@+id/menu_add,新建,pending,SUPPORT,3650,P8+io_support
201,171,P6,bookmark.xml,@+id/menu_export,导出,pending,SUPPORT,3620,P6+critical_action
202,172,P6,bookmark.xml,@+id/menu_export_md,导出(MD),pending,SUPPORT,3620,P6+critical_action
203,175,P6,bookshelf_manage.xml,@+id/menu_export_all_use_book_source,导出所有书的书源,pending,SUPPORT,3620,P6+critical_action
204,181,P6,bookshelf_menage_sel.xml,@+id/menu_change_source,批量换源,pending,SUPPORT,3620,P6+critical_action
205,182,P6,bookshelf_menage_sel.xml,@+id/menu_clear_cache,清理缓存,pending,SUPPORT,3620,P6+critical_action
206,29,P6,book_group_manage.xml,@+id/menu_add,添加分组,pending,SUPPORT,3500,P6
207,173,P6,bookshelf_manage.xml,@+id/menu_book_group,分组,pending,SUPPORT,3500,P6
208,174,P6,bookshelf_manage.xml,@+id/menu_group_manage,分组管理,pending,SUPPORT,3500,P6
209,176,P6,bookshelf_manage.xml,@+id/menu_open_book_info_by_click_title,点击书名打开详情,pending,SUPPORT,3500,P6
210,177,P6,bookshelf_menage_sel.xml,@+id/menu_del_selection,删除,pending,SUPPORT,3500,P6
211,178,P6,bookshelf_menage_sel.xml,@+id/menu_update_enable,允许更新,pending,SUPPORT,3500,P6
212,179,P6,bookshelf_menage_sel.xml,@+id/menu_update_disable,禁止更新,pending,SUPPORT,3500,P6
213,180,P6,bookshelf_menage_sel.xml,@+id/menu_add_to_group,加入分组,pending,SUPPORT,3500,P6
214,183,P6,bookshelf_menage_sel.xml,@+id/menu_check_selected_interval,选中所选区间,pending,SUPPORT,3500,P6
215,240,P6,group_manage.xml,@+id/menu_add,添加分组,pending,SUPPORT,3500,P6
216,236,P8,file_chooser.xml,@+id/menu_create,创建文件夹,pending,SUPPORT,3400,P8
217,237,P8,file_long_click.xml,@+id/menu_del,删除,pending,SUPPORT,3400,P8
218,249,P8,import_replace.xml,@+id/menu_new_group,自定义源分组,pending,SUPPORT,3400,P8
219,250,P8,import_source.xml,@+id/menu_new_group,自定义源分组,pending,SUPPORT,3400,P8
220,251,P8,import_source.xml,@+id/menu_select_new_source,选中新增源,pending,SUPPORT,3400,P8
221,252,P8,import_source.xml,@+id/menu_select_update_source,选中更新源,pending,SUPPORT,3400,P8
222,253,P8,import_source.xml,@+id/menu_keep_original_name,保留原名,pending,SUPPORT,3400,P8
223,254,P8,import_source.xml,@+id/menu_keep_group,保留分组,pending,SUPPORT,3400,P8
224,255,P8,import_source.xml,@+id/menu_keep_enable,保留启用状态,pending,SUPPORT,3400,P8
225,278,P8,open_url_confirm.xml,@+id/menu_disable_source,禁用源,pending,SUPPORT,3400,P8
226,279,P8,open_url_confirm.xml,@+id/menu_delete_source,删除源,pending,SUPPORT,3400,P8
227,347,P8,save.xml,@+id/menu_save,保存,pending,SUPPORT,3400,P8
228,300,P7,rss_articles.xml,@+id/menu_login,登录,pending,DETAIL,2820,P7+critical_action
229,301,P7,rss_articles.xml,@+id/menu_refresh_sort,刷新分类,pending,DETAIL,2820,P7+critical_action
230,305,P7,rss_articles.xml,@+id/menu_read_record,阅读记录,pending,DETAIL,2820,P7+critical_action
231,314,P7,rss_read.xml,@+id/menu_rss_refresh,刷新,pending,DETAIL,2820,P7+critical_action
232,318,P7,rss_read.xml,@+id/menu_login,登录,pending,DETAIL,2820,P7+critical_action
233,325,P7,rss_source.xml,@+id/menu_group_login,需要登录,pending,DETAIL,2820,P7+critical_action
234,328,P7,rss_source.xml,@+id/menu_import_local,本地导入,pending,DETAIL,2820,P7+critical_action
235,329,P7,rss_source.xml,@+id/menu_import_onLine,网络导入,pending,DETAIL,2820,P7+critical_action
236,330,P7,rss_source.xml,@+id/menu_import_qr,二维码导入,pending,DETAIL,2820,P7+critical_action
237,331,P7,rss_source.xml,@+id/menu_import_default,导入默认规则,pending,DETAIL,2820,P7+critical_action
238,334,P7,rss_source_debug.xml,@+id/menu_content_src,正文源码,pending,DETAIL,2820,P7+critical_action
239,344,P7,rss_source_sel.xml,@+id/menu_export_selection,导出所选,pending,DETAIL,2820,P7+critical_action
240,302,P7,rss_articles.xml,@+id/menu_set_source_variable,设置源变量,pending,DETAIL,2700,P7
241,303,P7,rss_articles.xml,@+id/menu_edit_source,编辑源,pending,DETAIL,2700,P7
242,304,P7,rss_articles.xml,@+id/menu_switch_layout,切换布局,pending,DETAIL,2700,P7
243,306,P7,rss_articles.xml,@+id/menu_clear,清除,pending,DETAIL,2700,P7
244,307,P7,rss_favorites.xml,@+id/menu_group,分组,pending,DETAIL,2700,P7
245,308,P7,rss_favorites.xml,@+id/menu_del_group,删除当前分组,pending,DETAIL,2700,P7
246,309,P7,rss_favorites.xml,@+id/menu_del_all,删除所有,pending,DETAIL,2700,P7
247,310,P7,rss_main_item.xml,@+id/menu_top,置顶,pending,DETAIL,2700,P7
248,311,P7,rss_main_item.xml,@+id/menu_edit,编辑,pending,DETAIL,2700,P7
249,312,P7,rss_main_item.xml,@+id/menu_disable,禁用源,pending,DETAIL,2700,P7
250,313,P7,rss_main_item.xml,@+id/menu_del,删除,pending,DETAIL,2700,P7
251,315,P7,rss_read.xml,@+id/menu_rss_star,收藏,pending,DETAIL,2700,P7
252,316,P7,rss_read.xml,@+id/menu_share_it,分享,pending,DETAIL,2700,P7
253,317,P7,rss_read.xml,@+id/menu_aloud,朗读,pending,DETAIL,2700,P7
254,319,P7,rss_read.xml,@+id/menu_browser_open,浏览器打开,pending,DETAIL,2700,P7
255,320,P7,rss_read_record.xml,@+id/menu_clear,清除,pending,DETAIL,2700,P7
256,321,P7,rss_source.xml,@+id/menu_group,分组,pending,DETAIL,2700,P7
257,322,P7,rss_source.xml,@+id/menu_group_manage,分组管理,pending,DETAIL,2700,P7
258,323,P7,rss_source.xml,@+id/menu_enabled_group,已启用,pending,DETAIL,2700,P7
259,324,P7,rss_source.xml,@+id/menu_disabled_group,已禁用,pending,DETAIL,2700,P7
260,326,P7,rss_source.xml,@+id/menu_group_null,未分组,pending,DETAIL,2700,P7
261,327,P7,rss_source.xml,@+id/menu_add,新建订阅源,pending,DETAIL,2700,P7
262,333,P7,rss_source_debug.xml,@+id/menu_list_src,列表源码,pending,DETAIL,2700,P7
263,335,P7,rss_source_item.xml,@+id/menu_top,置顶,pending,DETAIL,2700,P7
264,336,P7,rss_source_item.xml,@+id/menu_bottom,置底,pending,DETAIL,2700,P7
265,337,P7,rss_source_item.xml,@+id/menu_del,删除,pending,DETAIL,2700,P7
266,338,P7,rss_source_sel.xml,@+id/menu_enable_selection,启用所选,pending,DETAIL,2700,P7
267,339,P7,rss_source_sel.xml,@+id/menu_disable_selection,禁用所选,pending,DETAIL,2700,P7
268,340,P7,rss_source_sel.xml,@+id/menu_add_group,添加分组,pending,DETAIL,2700,P7
269,341,P7,rss_source_sel.xml,@+id/menu_remove_group,移除分组,pending,DETAIL,2700,P7
270,342,P7,rss_source_sel.xml,@+id/menu_top_sel,置顶所选,pending,DETAIL,2700,P7
271,343,P7,rss_source_sel.xml,@+id/menu_bottom_sel,置底所选,pending,DETAIL,2700,P7
272,345,P7,rss_source_sel.xml,@+id/menu_share_source,分享选中源,pending,DETAIL,2700,P7
273,346,P7,rss_source_sel.xml,@+id/menu_check_selected_interval,选中所选区间,pending,DETAIL,2700,P7
274,4,P10,app_update.xml,@+id/menu_download,下载,pending,DETAIL,2120,P10+critical_action
275,232,P10,explore_item.xml,@+id/menu_login,登录,pending,DETAIL,2120,P10+critical_action
276,233,P10,explore_item.xml,@+id/menu_search,搜索,pending,DETAIL,2120,P10+critical_action
277,234,P10,explore_item.xml,@+id/menu_refresh,刷新,pending,DETAIL,2120,P10+critical_action
278,386,P9,theme_list.xml,@+id/menu_import,剪贴板导入,pending,DETAIL,2020,P9+critical_action
279,1,P10,about.xml,@+id/menu_share_it,分享,pending,DETAIL,2000,P10
280,3,P10,app_log.xml,@+id/menu_clear,清除,pending,DETAIL,2000,P10
281,184,P10,change_cover.xml,@+id/menu_start_stop,停止,pending,DETAIL,2000,P10
282,200,P10,code_edit.xml,@+id/menu_save,保存,pending,DETAIL,2000,P10
283,213,P10,crash_log.xml,@+id/menu_clear,清除,pending,DETAIL,2000,P10
284,214,P10,dialog_text.xml,@+id/menu_close,关闭,pending,DETAIL,2000,P10
285,230,P10,explore_item.xml,@+id/menu_edit,编辑,pending,DETAIL,2000,P10
286,231,P10,explore_item.xml,@+id/menu_top,置顶,pending,DETAIL,2000,P10
287,235,P10,explore_item.xml,@+id/menu_del,删除,pending,DETAIL,2000,P10
288,280,P10,qr_code_scan.xml,@+id/action_choose_from_gallery,图库,pending,DETAIL,2000,P10
289,402,P10,verification_code.xml,@+id/menu_ok,确认,pending,DETAIL,2000,P10
290,403,P10,verification_code.xml,@+id/menu_disable_source,禁用源,pending,DETAIL,2000,P10
291,404,P10,verification_code.xml,@+id/menu_delete_source,删除源,pending,DETAIL,2000,P10
292,405,P10,web_view.xml,@+id/menu_ok,确认,pending,DETAIL,2000,P10
293,406,P10,web_view.xml,@+id/menu_open_in_browser,浏览器打开,pending,DETAIL,2000,P10
294,408,P10,web_view.xml,@+id/menu_full_screen,全屏,pending,DETAIL,2000,P10
295,409,P10,web_view.xml,@+id/menu_disable_source,禁用源,pending,DETAIL,2000,P10
296,410,P10,web_view.xml,@+id/menu_delete_source,删除源,pending,DETAIL,2000,P10
297,170,P2,book_toc.xml,@+id/menu_log,日志,pending,CORE-SUPPORT,5200,P2+text_reading+detail_later+non_core
298,85,P3,book_read.xml,@+id/menu_log,日志,pending,CORE-SUPPORT,5100,P3+text_reading+detail_later+non_core
299,86,P3,book_read.xml,@+id/menu_help,帮助,pending,CORE-SUPPORT,5100,P3+text_reading+detail_later+non_core
300,91,P3,book_read_record.xml,@+id/menu_sort_read_long,阅读时长排序,pending,SUPPORT,4420,P3+critical_action+detail_later
301,92,P3,book_read_record.xml,@+id/menu_sort_read_time,阅读时间排序,pending,SUPPORT,4420,P3+critical_action+detail_later
302,7,P3,audio_play.xml,@+id/menu_copy_audio_url,拷贝播放 URL,pending,SUPPORT,4300,P3+detail_later
303,89,P3,book_read_record.xml,@+id/menu_sort,排序,pending,SUPPORT,4300,P3+detail_later
304,90,P3,book_read_record.xml,@+id/menu_sort_name,名称排序,pending,SUPPORT,4300,P3+detail_later
305,203,P3,content_edit.xml,@+id/menu_copy_all,拷贝所有,pending,SUPPORT,4300,P3+detail_later
306,206,P3,content_select_action.xml,@+id/menu_copy,copy,pending,SUPPORT,4300,P3+detail_later
307,381,P3,speak_engine_edit.xml,@+id/menu_copy_source,拷贝源,pending,SUPPORT,4300,P3+detail_later
308,10,P3,audio_play.xml,@+id/menu_log,日志,pending,SUPPORT,4200,P3+detail_later+non_core
309,383,P3,speak_engine_edit.xml,@+id/menu_log,日志,pending,SUPPORT,4200,P3+detail_later+non_core
310,384,P3,speak_engine_edit.xml,@+id/menu_help,帮助,pending,SUPPORT,4200,P3+detail_later+non_core
311,357,P4,source_edit.xml,@+id/menu_copy_source,拷贝源,pending,SUPPORT,4100,P4+source_chain+detail_later
312,135,P4,book_source.xml,@+id/menu_help,帮助,done,DONE,2700,P4+source_chain+done
313,142,P4,book_source_debug.xml,@+id/menu_help,帮助,done,DONE,2700,P4+source_chain+done
314,363,P4,source_edit.xml,@+id/menu_help,帮助,pending,SUPPORT,4000,P4+source_chain+detail_later+non_core
315,367,P4,source_login.xml,@+id/menu_log,日志,pending,SUPPORT,4000,P4+source_chain+detail_later+non_core
316,222,P5,dict_rule_edit.xml,@+id/menu_copy_rule,拷贝规则,pending,SUPPORT,3620,P5+critical_action+detail_later
317,282,P5,replace_edit.xml,@+id/menu_copy_rule,拷贝规则,pending,SUPPORT,3620,P5+critical_action+detail_later
318,394,P5,txt_toc_rule_edit.xml,@+id/menu_copy_rule,拷贝规则,pending,SUPPORT,3620,P5+critical_action+detail_later
319,220,P5,dict_rule.xml,@+id/menu_help,帮助,pending,SUPPORT,3400,P5+detail_later+non_core
320,291,P5,replace_rule.xml,@+id/menu_help,帮助,pending,SUPPORT,3400,P5+detail_later+non_core
321,392,P5,txt_toc_rule.xml,@+id/menu_help,帮助,pending,SUPPORT,3400,P5+detail_later+non_core
322,227,P8,direct_link_upload_config.xml,@+id/menu_copy_rule,拷贝规则,pending,DETAIL,2970,P8+io_support+critical_action+detail_later
323,26,P6,book_cache.xml,@+id/menu_log,日志,pending,DETAIL,2850,P6+io_support+detail_later+non_core
324,242,P8,import_book.xml,@+id/menu_sort,排序,pending,DETAIL,2850,P8+io_support+detail_later
325,243,P8,import_book.xml,@+id/menu_sort_name,名称排序,pending,DETAIL,2850,P8+io_support+detail_later
326,244,P8,import_book.xml,@+id/menu_sort_size,大小排序,pending,DETAIL,2850,P8+io_support+detail_later
327,245,P8,import_book.xml,@+id/menu_sort_time,时间排序,pending,DETAIL,2850,P8+io_support+detail_later
328,11,P8,backup_restore.xml,@+id/menu_help,帮助,pending,DETAIL,2750,P8+io_support+detail_later+non_core
329,12,P8,backup_restore.xml,@+id/menu_log,日志,pending,DETAIL,2750,P8+io_support+detail_later+non_core
330,332,P7,rss_source.xml,@+id/menu_help,帮助,pending,DETAIL,1800,P7+detail_later+non_core
331,407,P10,web_view.xml,@+id/menu_copy_url,拷贝 URL,pending,DETAIL,1200,P10+detail_later
332,2,P10,about.xml,@+id/menu_scoring,评分,pending,DETAIL,1100,P10+detail_later+non_core
333,385,P9,theme_config.xml,@+id/menu_theme_mode,主题模式,pending,DETAIL,1000,P9+detail_later+non_core
334,46,P3,book_manga.xml,@+id/menu_change_source,换源,blocked,HOLD,-8980,P3+manga_frozen+critical_action+blocked
335,47,P3,book_manga.xml,@+id/menu_refresh,刷新,blocked,HOLD,-8980,P3+manga_frozen+critical_action+blocked
336,48,P3,book_manga.xml,@+id/menu_catalog,目录,blocked,HOLD,-8980,P3+manga_frozen+critical_action+blocked
337,49,P3,book_manga.xml,@+id/menu_pre_manga_number,预下载,blocked,HOLD,-8980,P3+manga_frozen+critical_action+blocked
338,50,P3,book_manga.xml,@+id/menu_disable_manga_scale,禁用漫画缩放,blocked,HOLD,-9100,P3+manga_frozen+blocked
339,51,P3,book_manga.xml,@+id/menu_disable_click_scroll,禁用点击翻页,blocked,HOLD,-9100,P3+manga_frozen+blocked
340,52,P3,book_manga.xml,@+id/menu_enable_auto_page,开启自动翻页,blocked,HOLD,-9100,P3+manga_frozen+blocked
341,53,P3,book_manga.xml,@+id/menu_enable_auto_scroll,开启滚动,blocked,HOLD,-9100,P3+manga_frozen+blocked
342,54,P3,book_manga.xml,@+id/menu_manga_auto_page_speed,翻页速度 %s,blocked,HOLD,-9100,P3+manga_frozen+blocked
343,55,P3,book_manga.xml,@+id/menu_enable_horizontal_scroll,水平滚动,blocked,HOLD,-9100,P3+manga_frozen+blocked
344,56,P3,book_manga.xml,@+id/menu_disable_horizontal_page_snap,禁用水平翻页效果,blocked,HOLD,-9100,P3+manga_frozen+blocked
345,57,P3,book_manga.xml,@+id/menu_disable_manga_page_anim,禁用翻页动画,blocked,HOLD,-9100,P3+manga_frozen+blocked
346,58,P3,book_manga.xml,@+id/menu_manga_footer_config,页脚配置,blocked,HOLD,-9100,P3+manga_frozen+blocked
347,59,P3,book_manga.xml,@+id/menu_manga_color_filter,滤镜,blocked,HOLD,-9100,P3+manga_frozen+blocked
348,60,P3,book_manga.xml,@+id/menu_hide_manga_title,隐藏漫画列表标题,blocked,HOLD,-9100,P3+manga_frozen+blocked
349,61,P3,book_manga.xml,@+id/menu_epaper_manga,墨水屏,blocked,HOLD,-9100,P3+manga_frozen+blocked
350,62,P3,book_manga.xml,@+id/menu_epaper_manga_setting,墨水屏设置,blocked,HOLD,-9100,P3+manga_frozen+blocked
351,63,P3,book_manga.xml,@+id/menu_gray_manga,开启图片灰色,blocked,HOLD,-9100,P3+manga_frozen+blocked
352,33,P2,book_info.xml,@+id/menu_refresh,刷新,done,DONE,4020,P2+text_reading+critical_action+done
353,34,P2,book_info.xml,@+id/menu_login,登录,done,DONE,4020,P2+text_reading+critical_action+done
354,43,P2,book_info.xml,@+id/menu_clear_cache,清理缓存,done,DONE,4020,P2+text_reading+critical_action+done
355,108,P2,book_search.xml,@+id/menu_precision_search,精准搜索,done,DONE,4020,P2+text_reading+critical_action+done
356,109,P2,book_search.xml,@+id/menu_source_manage,书源管理,done,DONE,4020,P2+text_reading+critical_action+done
357,110,P2,book_search.xml,@+id/menu_search_scope,多分组/书源,done,DONE,4020,P2+text_reading+critical_action+done
358,30,P2,book_info.xml,@+id/menu_edit,编辑,done,DONE,3900,P2+text_reading+done
359,31,P2,book_info.xml,@+id/menu_share_it,分享,done,DONE,3900,P2+text_reading+done
360,32,P2,book_info.xml,@+id/menu_upload,上传 WebDav,done,DONE,3900,P2+text_reading+done
361,35,P2,book_info.xml,@+id/menu_top,置顶,done,DONE,3900,P2+text_reading+done
362,36,P2,book_info.xml,@+id/menu_set_source_variable,设置源变量,done,DONE,3900,P2+text_reading+done
363,37,P2,book_info.xml,@+id/menu_set_book_variable,设置书籍变量,done,DONE,3900,P2+text_reading+done
364,40,P2,book_info.xml,@+id/menu_can_update,允许更新,done,DONE,3900,P2+text_reading+done
365,41,P2,book_info.xml,@+id/menu_split_long_chapter,拆分超长章节,done,DONE,3900,P2+text_reading+done
366,42,P2,book_info.xml,@+id/menu_delete_alert,删除提醒,done,DONE,3900,P2+text_reading+done
367,45,P2,book_info_edit.xml,@+id/menu_save,保存,done,DONE,3900,P2+text_reading+done
368,112,P2,book_search_scope.xml,@+id/menu_screen,筛选,done,DONE,3900,P2+text_reading+done
369,39,P2,book_info.xml,@+id/menu_copy_toc_url,拷贝目录 URL,done,DONE,3220,P2+text_reading+critical_action+detail_later+done
370,101,P2,book_remote.xml,@+id/menu_refresh,刷新,done,DONE,3120,P2+critical_action+done
371,38,P2,book_info.xml,@+id/menu_copy_book_url,拷贝书籍 URL,done,DONE,3100,P2+text_reading+detail_later+done
372,44,P2,book_info.xml,@+id/menu_log,日志,done,DONE,3000,P2+text_reading+detail_later+non_core+done
373,105,P2,book_remote.xml,@+id/menu_server_config,服务器配置,done,DONE,3000,P2+done
374,111,P2,book_search.xml,@+id/menu_log,日志,done,DONE,3000,P2+text_reading+detail_later+non_core+done
375,122,P4,book_source.xml,@+id/menu_group,分组,done,DONE,2700,P4+source_chain+done
376,102,P2,book_remote.xml,@+id/menu_sort,排序,done,DONE,2200,P2+detail_later+done
377,103,P2,book_remote.xml,@+id/menu_sort_name,名称排序,done,DONE,2200,P2+detail_later+done
378,104,P2,book_remote.xml,@+id/menu_sort_time,更新时间排序,done,DONE,2200,P2+detail_later+done
379,106,P2,book_remote.xml,@+id/menu_help,帮助,done,DONE,2100,P2+detail_later+non_core+done
380,107,P2,book_remote.xml,@+id/menu_log,日志,done,DONE,2100,P2+detail_later+non_core+done
381,113,P4,book_source.xml,@+id/action_sort,排序,done,DONE,1900,P4+source_chain+detail_later+done
382,114,P4,book_source.xml,@+id/menu_sort_desc,反序,done,DONE,1900,P4+source_chain+detail_later+done
383,115,P4,book_source.xml,@+id/menu_sort_manual,手动排序,done,DONE,1900,P4+source_chain+detail_later+done
384,116,P4,book_source.xml,@+id/menu_sort_auto,智能排序,done,DONE,1900,P4+source_chain+detail_later+done
385,117,P4,book_source.xml,@+id/menu_sort_name,名称排序,done,DONE,1900,P4+source_chain+detail_later+done
386,118,P4,book_source.xml,@+id/menu_sort_url,地址排序,done,DONE,1900,P4+source_chain+detail_later+done
387,119,P4,book_source.xml,@+id/menu_sort_time,更新时间排序,done,DONE,1900,P4+source_chain+detail_later+done
388,120,P4,book_source.xml,@+id/menu_sort_respondTime,响应时间排序,done,DONE,1900,P4+source_chain+detail_later+done
389,121,P4,book_source.xml,@+id/menu_sort_enable,是否启用,done,DONE,1900,P4+source_chain+detail_later+done
390,261,P1,main_bookshelf.xml,@+id/menu_search,搜索,done,DONE,-880,P1+critical_action+done
391,262,P1,main_bookshelf.xml,@+id/menu_update_toc,更新目录,done,DONE,-880,P1+critical_action+done
392,267,P1,main_bookshelf.xml,@+id/menu_download,缓存/导出,done,DONE,-880,P1+critical_action+done
393,270,P1,main_bookshelf.xml,@+id/menu_export_bookshelf,导出书单,done,DONE,-880,P1+critical_action+done
394,271,P1,main_bookshelf.xml,@+id/menu_import_bookshelf,导入书单,done,DONE,-880,P1+critical_action+done
395,257,P1,main_bnv.xml,@+id/menu_bookshelf,书架,done,DONE,-1000,P1+done
396,258,P1,main_bnv.xml,@+id/menu_discovery,发现,done,DONE,-1000,P1+done
397,259,P1,main_bnv.xml,@+id/menu_rss,订阅,done,DONE,-1000,P1+done
398,260,P1,main_bnv.xml,@+id/menu_my_config,我的,done,DONE,-1000,P1+done
399,263,P1,main_bookshelf.xml,@+id/menu_add_local,添加本地,done,DONE,-1000,P1+done
400,264,P1,main_bookshelf.xml,@+id/menu_remote,远程书籍,done,DONE,-1000,P1+done
401,265,P1,main_bookshelf.xml,@+id/menu_add_url,添加网址,done,DONE,-1000,P1+done
402,266,P1,main_bookshelf.xml,@+id/menu_bookshelf_manage,书架管理,done,DONE,-1000,P1+done
403,268,P1,main_bookshelf.xml,@+id/menu_group_manage,分组管理,done,DONE,-1000,P1+done
404,269,P1,main_bookshelf.xml,@+id/menu_bookshelf_layout,书架布局,done,DONE,-1000,P1+done
405,273,P1,main_explore.xml,@+id/menu_group,分组,done,DONE,-1000,P1+done
406,275,P1,main_rss.xml,@+id/menu_rss_star,收藏,done,DONE,-1000,P1+done
407,276,P1,main_rss.xml,@+id/menu_group,分组,done,DONE,-1000,P1+done
408,277,P1,main_rss.xml,@+id/menu_rss_config,设置,done,DONE,-1000,P1+done
409,272,P1,main_bookshelf.xml,@+id/menu_log,日志,done,DONE,-1900,P1+detail_later+non_core+done
410,274,P1,main_my.xml,@+id/menu_help,帮助,done,DONE,-1900,P1+detail_later+non_core+done
